date,PokemonSwordAndShield,PokemonBDSP,PokemonLegendsArceus,PokemonScarletViolet
2021-01-01,113,9,8,0
2021-01-02,103,6,5,0
2021-01-03,116,8,8,0
2021-01-04,95,9,15,0
2021-01-05,103,8,7,0
2021-01-06,112,15,27,1
2021-01-07,87,18,17,1
2021-01-08,132,11,15,0
2021-01-09,106,6,17,1
2021-01-10,121,8,20,1
2021-01-11,110,15,30,0
2021-01-12,102,23,29,0
2021-01-13,126,30,37,0
2021-01-14,99,29,21,0
2021-01-15,105,44,23,1
2021-01-16,126,13,12,0
2021-01-17,119,20,18,0
2021-01-18,123,24,21,2
2021-01-19,116,25,24,0
2021-01-20,98,21,16,0
2021-01-21,80,18,16,0
2021-01-22,78,15,11,1
2021-01-23,98,19,16,1
2021-01-24,116,16,16,0
2021-01-25,112,16,10,0
2021-01-26,108,20,12,0
2021-01-27,84,22,17,0
2021-01-28,92,14,7,0
2021-01-29,109,22,15,2
2021-01-30,100,17,12,0
2021-01-31,106,13,12,1
2021-02-01,111,8,13,0
2021-02-02,115,16,6,0
2021-02-03,108,8,14,0
2021-02-04,78,7,8,0
2021-02-05,100,6,10,0
2021-02-06,96,11,11,3
2021-02-07,105,17,16,4
2021-02-08,90,15,9,0
2021-02-09,106,11,5,0
2021-02-10,85,14,17,3
2021-02-11,75,13,13,0
2021-02-12,70,19,14,2
2021-02-13,91,8,23,0
2021-02-14,95,13,18,0
2021-02-15,73,10,11,0
2021-02-16,105,18,25,1
2021-02-17,89,24,26,1
2021-02-18,92,14,12,1
2021-02-19,83,8,11,0
2021-02-20,79,17,16,0
2021-02-21,80,8,10,0
2021-02-22,84,14,17,0
2021-02-23,100,29,25,0
2021-02-24,95,53,42,1
2021-02-25,99,55,47,0
2021-02-26,97,400,400,0
2021-02-27,91,183,237,0
2021-02-28,110,107,105,0
2021-03-01,92,104,140,0
2021-03-02,105,106,135,1
2021-03-03,100,56,84,2
2021-03-04,119,52,56,0
2021-03-05,105,43,48,0
2021-03-06,84,22,29,0
2021-03-07,91,24,33,0
2021-03-08,90,37,46,0
2021-03-09,94,32,34,0
2021-03-10,88,26,36,0
2021-03-11,80,29,42,0
2021-03-12,125,27,22,1
2021-03-13,100,12,29,0
2021-03-14,95,22,13,2
2021-03-15,86,28,37,0
2021-03-16,92,33,33,3
2021-03-17,85,27,35,0
2021-03-18,95,15,22,0
2021-03-19,111,21,18,0
2021-03-20,110,6,12,0
2021-03-21,88,19,15,0
2021-03-22,67,26,13,0
2021-03-23,82,24,26,1
2021-03-24,109,14,21,0
2021-03-25,64,16,17,0
2021-03-26,74,20,24,0
2021-03-27,64,14,15,0
2021-03-28,76,7,14,1
2021-03-29,79,6,10,2
2021-03-30,105,13,20,0
2021-03-31,91,10,18,1
2021-04-01,97,19,27,0
2021-04-02,83,22,25,1
2021-04-03,68,23,15,0
2021-04-04,82,12,12,0
2021-04-05,90,14,26,0
2021-04-06,92,20,19,0
2021-04-07,75,16,25,0
2021-04-08,64,12,13,2
2021-04-09,70,10,13,0
2021-04-10,74,12,15,0
2021-04-11,75,11,13,0
2021-04-12,68,19,19,0
2021-04-13,58,17,16,1
2021-04-14,79,17,19,3
2021-04-15,67,8,6,0
2021-04-16,60,11,10,2
2021-04-17,53,14,18,0
2021-04-18,61,14,9,2
2021-04-19,73,10,8,0
2021-04-20,59,7,10,1
2021-04-21,61,11,7,3
2021-04-22,66,24,22,0
2021-04-23,66,9,10,0
2021-04-24,77,7,8,1
2021-04-25,62,10,6,0
2021-04-26,79,10,18,2
2021-04-27,55,5,14,0
2021-04-28,68,10,4,1
2021-04-29,64,11,13,1
2021-04-30,69,20,7,0
2021-05-01,70,12,14,1
2021-05-02,87,11,13,0
2021-05-03,50,10,15,0
2021-05-04,51,12,10,0
2021-05-05,55,12,12,0
2021-05-06,64,16,6,0
2021-05-07,65,12,13,0
2021-05-08,73,10,11,0
2021-05-09,74,4,13,0
2021-05-10,58,22,24,1
2021-05-11,81,16,13,1
2021-05-12,62,11,14,3
2021-05-13,74,8,10,0
2021-05-14,52,10,13,0
2021-05-15,70,15,2,0
2021-05-16,91,7,7,1
2021-05-17,84,8,5,2
2021-05-18,78,16,14,0
2021-05-19,55,10,9,0
2021-05-20,68,16,17,0
2021-05-21,53,15,14,0
2021-05-22,58,7,5,0
2021-05-23,48,6,5,0
2021-05-24,66,6,11,2
2021-05-25,55,10,10,0
2021-05-26,68,44,50,0
2021-05-27,57,18,17,0
2021-05-28,49,12,12,0
2021-05-29,67,10,10,0
2021-05-30,62,12,13,0
2021-05-31,61,9,19,0
2021-06-01,67,24,37,5
2021-06-02,73,29,20,1
2021-06-03,52,10,10,1
2021-06-04,71,10,17,0
2021-06-05,82,10,16,0
2021-06-06,75,11,19,0
2021-06-07,65,9,8,0
2021-06-08,65,10,3,0
2021-06-09,92,14,16,1
2021-06-10,75,12,11,1
2021-06-11,67,14,15,2
2021-06-12,80,10,11,0
2021-06-13,63,14,15,1
2021-06-14,50,15,14,1
2021-06-15,55,13,12,0
2021-06-16,56,11,6,0
2021-06-17,72,15,6,2
2021-06-18,63,5,13,1
2021-06-19,70,9,8,0
2021-06-20,62,5,7,1
2021-06-21,81,10,12,0
2021-06-22,60,7,13,2
2021-06-23,87,17,13,2
2021-06-24,58,18,16,2
2021-06-25,63,7,6,1
2021-06-26,78,7,6,2
2021-06-27,69,9,7,0
2021-06-28,44,11,4,1
2021-06-29,59,9,10,1
2021-06-30,60,11,8,0
2021-07-01,55,8,11,0
2021-07-02,51,17,16,0
2021-07-03,50,9,15,0
2021-07-04,75,9,9,0
2021-07-05,63,9,17,0
2021-07-06,69,15,8,0
2021-07-07,64,17,11,0
2021-07-08,68,8,9,1
2021-07-09,65,21,22,0
2021-07-10,52,7,10,0
2021-07-11,56,11,12,0
2021-07-12,67,10,16,1
2021-07-13,67,8,9,0
2021-07-14,71,28,20,0
2021-07-15,70,17,18,0
2021-07-16,72,8,11,0
2021-07-17,59,8,5,0
2021-07-18,61,7,6,1
2021-07-19,82,8,15,2
2021-07-20,81,17,11,1
2021-07-21,61,9,12,0
2021-07-22,67,8,6,1
2021-07-23,92,12,19,1
2021-07-24,73,11,11,1
2021-07-25,72,10,11,1
2021-07-26,80,6,16,1
2021-07-27,68,12,13,1
2021-07-28,87,16,16,1
2021-07-29,81,9,14,0
2021-07-30,61,7,6,1
2021-07-31,83,10,8,0
2021-08-01,66,19,13,0
2021-08-02,66,12,12,1
2021-08-03,86,9,12,0
2021-08-04,56,11,11,2
2021-08-05,70,15,13,1
2021-08-06,69,8,14,0
2021-08-07,52,12,9,0
2021-08-08,76,12,12,1
2021-08-09,69,18,16,0
2021-08-10,68,9,10,1
2021-08-11,77,13,10,0
2021-08-12,87,16,5,0
2021-08-13,73,15,16,0
2021-08-14,76,7,12,0
2021-08-15,81,11,9,0
2021-08-16,62,13,26,1
2021-08-17,86,21,23,0
2021-08-18,77,56,208,1
2021-08-19,80,34,186,4
2021-08-20,92,35,130,0
2021-08-21,112,32,98,1
2021-08-22,102,15,68,1
2021-08-23,124,18,73,0
2021-08-24,79,32,57,1
2021-08-25,95,24,43,0
2021-08-26,58,31,23,1
2021-08-27,86,15,30,1
2021-08-28,82,15,26,1
2021-08-29,88,16,28,1
2021-08-30,77,7,26,2
2021-08-31,63,19,23,2
2021-09-01,52,21,24,0
2021-09-02,80,18,20,1
2021-09-03,60,20,29,0
2021-09-04,82,16,22,0
2021-09-05,74,8,17,1
2021-09-06,71,20,20,0
2021-09-07,52,19,14,0
2021-09-08,56,6,20,0
2021-09-09,61,15,13,2
2021-09-10,49,9,15,1
2021-09-11,59,6,13,0
2021-09-12,72,11,12,0
2021-09-13,50,11,12,0
2021-09-14,63,7,10,0
2021-09-15,45,13,10,0
2021-09-16,43,15,25,0
2021-09-17,47,9,9,0
2021-09-18,42,8,7,0
2021-09-19,59,15,13,0
2021-09-20,53,15,14,0
2021-09-21,39,19,13,0
2021-09-22,60,15,6,0
2021-09-23,42,8,9,0
2021-09-24,36,12,9,0
2021-09-25,43,7,19,0
2021-09-26,62,5,12,0
2021-09-27,59,8,11,0
2021-09-28,50,17,47,0
2021-09-29,47,13,38,0
2021-09-30,31,3,16,1
2021-10-01,42,11,22,0
2021-10-02,41,6,9,0
2021-10-03,44,4,9,0
2021-10-04,52,8,9,1
2021-10-05,33,9,16,0
2021-10-06,43,8,17,0
2021-10-07,50,10,13,0
2021-10-08,42,6,10,0
2021-10-09,40,9,11,0
2021-10-10,43,7,16,0
2021-10-11,46,10,11,0
2021-10-12,54,16,16,0
2021-10-13,57,15,19,0
2021-10-14,49,10,9,0
2021-10-15,53,9,13,0
2021-10-16,53,9,6,0
2021-10-17,46,11,9,1
2021-10-18,56,15,11,0
2021-10-19,42,9,29,0
2021-10-20,35,16,20,0
2021-10-21,57,11,63,0
2021-10-22,83,13,40,2
2021-10-23,84,9,18,0
2021-10-24,84,7,18,0
2021-10-25,127,8,21,0
2021-10-26,195,17,53,1
2021-10-27,98,27,44,0
2021-10-28,73,14,41,1
2021-10-29,75,15,23,1
2021-10-30,60,12,21,0
2021-10-31,59,11,26,0
2021-11-01,69,16,27,1
2021-11-02,68,13,16,0
2021-11-03,68,24,20,0
2021-11-04,65,15,12,1
2021-11-05,56,17,16,0
2021-11-06,68,17,6,2
2021-11-07,70,13,13,1
2021-11-08,88,19,24,1
2021-11-09,83,46,20,0
2021-11-10,49,49,18,0
2021-11-11,62,37,20,0
2021-11-12,60,48,23,0
2021-11-13,74,53,14,2
2021-11-14,87,43,16,0
2021-11-15,72,49,23,0
2021-11-16,64,69,25,1
2021-11-17,47,62,20,0
2021-11-18,56,88,25,0
2021-11-19,83,230,35,0
2021-11-20,98,250,25,0
2021-11-21,109,280,45,0
2021-11-22,99,261,53,0
2021-11-23,100,245,65,0
2021-11-24,128,252,51,0
2021-11-25,119,257,54,0
2021-11-26,105,177,51,0
2021-11-27,90,207,53,2
2021-11-28,118,199,46,0
2021-11-29,94,206,56,0
2021-11-30,71,199,52,1
2021-12-01,72,142,32,0
2021-12-02,80,123,33,0
2021-12-03,66,118,33,2
2021-12-04,81,132,22,1
2021-12-05,83,118,36,0
2021-12-06,79,124,38,0
2021-12-07,69,117,37,0
2021-12-08,59,114,49,2
2021-12-09,63,96,45,0
2021-12-10,43,71,74,0
2021-12-11,57,92,36,0
2021-12-12,88,88,44,0
2021-12-13,61,95,33,0
2021-12-14,65,107,40,0
2021-12-15,36,77,46,0
2021-12-16,40,71,38,0
2021-12-17,48,96,28,0
2021-12-18,67,57,21,0
2021-12-19,62,57,30,0
2021-12-20,59,85,31,0
2021-12-21,52,94,34,0
2021-12-22,70,55,27,0
2021-12-23,73,60,26,0
2021-12-24,46,59,16,0
2021-12-25,52,73,15,0
2021-12-26,76,81,22,0
2021-12-27,100,109,30,0
2021-12-28,64,95,30,1
2021-12-29,78,100,37,0
2021-12-30,84,77,31,0
2021-12-31,70,75,36,0
2022-01-01,65,72,25,1
2022-01-02,75,91,41,0
2022-01-03,81,80,48,0
2022-01-04,79,66,30,5
2022-01-05,92,55,32,1
2022-01-06,74,69,36,0
2022-01-07,63,69,46,0
2022-01-08,58,53,37,0
2022-01-09,81,72,40,0
2022-01-10,72,68,70,0
2022-01-11,93,58,49,0
2022-01-12,63,55,50,0
2022-01-13,68,57,76,2
2022-01-14,56,69,66,0
2022-01-15,67,71,48,0
2022-01-16,69,49,59,0
2022-01-17,82,52,64,2
2022-01-18,60,40,52,0
2022-01-19,47,46,151,3
2022-01-20,59,32,137,0
2022-01-21,43,42,89,0
2022-01-22,50,48,105,0
2022-01-23,60,63,115,0
2022-01-24,69,46,100,1
2022-01-25,58,52,127,0
2022-01-26,66,44,112,0
2022-01-27,72,39,206,0
2022-01-28,60,45,455,3
2022-01-29,65,36,423,2
2022-01-30,62,46,425,0
2022-01-31,99,43,381,0
2022-02-01,84,26,312,1
2022-02-02,90,33,273,1
2022-02-03,98,22,245,1
2022-02-04,108,45,244,0
2022-02-05,148,23,217,1
2022-02-06,175,30,205,1
2022-02-07,126,37,248,1
2022-02-08,121,38,221,0
2022-02-09,103,36,193,0
2022-02-10,65,21,106,1
2022-02-11,92,16,139,0
2022-02-12,101,33,139,0
2022-02-13,93,30,161,0
2022-02-14,92,32,139,0
2022-02-15,60,39,148,2
2022-02-16,65,22,130,0
2022-02-17,91,14,122,0
2022-02-18,94,25,135,0
2022-02-19,90,17,111,0
2022-02-20,69,21,102,0
2022-02-21,226,21,120,1
2022-02-22,131,24,108,0
2022-02-23,93,21,104,0
2022-02-24,91,28,82,0
2022-02-25,82,12,95,1
2022-02-26,110,26,108,0
2022-02-27,87,18,122,255
2022-02-28,84,22,122,161
2022-03-01,66,13,98,73
2022-03-02,73,25,91,53
2022-03-03,87,19,91,47
2022-03-04,83,23,95,25
2022-03-05,71,20,76,26
2022-03-06,98,18,71,16
2022-03-07,79,21,92,25
2022-03-08,69,17,72,24
2022-03-09,82,28,70,17
2022-03-10,77,8,67,35
2022-03-11,74,15,58,18
2022-03-12,102,14,64,9
2022-03-13,88,21,67,9
2022-03-14,177,22,82,11
2022-03-15,103,31,66,8
2022-03-16,77,29,120,8
2022-03-17,90,15,79,12
2022-03-18,76,21,87,6
2022-03-19,69,14,72,10
2022-03-20,73,20,71,12
2022-03-21,93,26,64,14
2022-03-22,72,22,42,19
2022-03-23,63,22,62,7
2022-03-24,63,15,57,8
2022-03-25,50,22,49,11
2022-03-26,72,15,36,6
2022-03-27,52,24,44,5
2022-03-28,69,16,58,11
2022-03-29,52,23,50,9
2022-03-30,45,19,60,9
2022-03-31,48,19,49,3
2022-04-01,47,27,50,10
2022-04-02,64,23,48,8
2022-04-03,74,17,38,8
2022-04-04,39,32,56,9
2022-04-05,45,11,34,6
2022-04-06,49,16,37,2
2022-04-07,52,24,41,6
2022-04-08,44,27,47,9
2022-04-09,60,15,25,9
2022-04-10,45,9,23,7
2022-04-11,47,23,50,9
2022-04-12,54,12,44,6
2022-04-13,51,20,39,5
2022-04-14,43,17,41,3
2022-04-15,42,13,42,9
2022-04-16,57,13,40,8
2022-04-17,63,20,39,6
2022-04-18,172,24,39,4
2022-04-19,110,25,48,10
2022-04-20,75,15,23,10
2022-04-21,57,16,42,10
2022-04-22,53,12,39,5
2022-04-23,53,18,47,2
2022-04-24,53,18,40,6
2022-04-25,58,21,30,7
2022-04-26,52,18,31,7
2022-04-27,44,10,35,8
2022-04-28,38,7,24,1
2022-04-29,45,17,33,4
2022-04-30,53,14,33,6
2022-05-01,58,10,34,5
2022-05-02,53,17,56,6
2022-05-03,31,17,39,4
2022-05-04,38,18,32,3
2022-05-05,49,10,34,3
2022-05-06,30,13,50,11
2022-05-07,42,10,47,5
2022-05-08,50,14,33,0
2022-05-09,40,17,36,8
2022-05-10,44,23,43,3
2022-05-11,44,20,37,13
2022-05-12,46,22,31,12
2022-05-13,42,12,32,5
2022-05-14,43,16,41,5
2022-05-15,56,30,48,3
2022-05-16,43,22,31,7
2022-05-17,44,21,38,2
2022-05-18,60,27,93,7
2022-05-19,52,47,103,4
2022-05-20,44,15,72,7
2022-05-21,60,21,53,4
2022-05-22,54,18,60,9
2022-05-23,66,23,60,6
2022-05-24,29,17,41,5
2022-05-25,42,19,63,8
2022-05-26,48,14,45,8
2022-05-27,48,15,58,4
2022-05-28,35,19,59,4
2022-05-29,54,19,46,3
2022-05-30,43,19,50,6
2022-05-31,55,16,45,26
2022-06-01,32,8,21,200
2022-06-02,66,37,71,110
2022-06-03,52,22,42,42
2022-06-04,59,12,36,27
2022-06-05,63,19,34,27
2022-06-06,44,19,41,26
2022-06-07,60,10,31,26
2022-06-08,63,22,37,39
2022-06-09,60,12,29,20
2022-06-10,57,13,42,15
2022-06-11,60,14,35,5
2022-06-12,87,16,34,16
2022-06-13,57,16,18,10
2022-06-14,60,31,47,11
2022-06-15,59,12,30,16
2022-06-16,37,14,43,13
2022-06-17,44,20,42,11
2022-06-18,54,8,37,7
2022-06-19,54,15,31,8
2022-06-20,76,17,48,13
2022-06-21,66,25,33,4
2022-06-22,67,14,49,11
2022-06-23,62,16,47,6
2022-06-24,49,11,31,12
2022-06-25,61,10,25,7
2022-06-26,74,26,30,8
2022-06-27,74,10,32,19
2022-06-28,43,9,29,8
2022-06-29,56,15,33,1
2022-06-30,47,12,30,5
2022-07-01,69,16,27,6
2022-07-02,46,21,25,11
2022-07-03,75,13,32,14
2022-07-04,56,17,48,3
2022-07-05,49,17,36,5
2022-07-06,44,15,32,6
2022-07-07,56,14,29,5
2022-07-08,47,14,26,4
2022-07-09,53,14,25,5
2022-07-10,65,12,42,6
2022-07-11,47,14,17,4
2022-07-12,66,24,25,7
2022-07-13,52,14,31,10
2022-07-14,56,12,32,12
2022-07-15,52,11,21,5
2022-07-16,47,7,32,7
2022-07-17,53,17,39,4
2022-07-18,54,20,34,12
2022-07-19,68,17,38,5
2022-07-20,61,18,44,10
2022-07-21,42,12,43,7
2022-07-22,60,11,23,9
2022-07-23,70,18,25,12
2022-07-24,59,21,34,4
2022-07-25,106,16,36,7
2022-07-26,106,10,43,5
2022-07-27,90,12,61,6
2022-07-28,68,14,52,7
2022-07-29,75,15,54,5
2022-07-30,82,12,75,6
2022-07-31,62,18,102,4
2022-08-01,55,15,53,13
2022-08-02,79,25,60,16
2022-08-03,56,13,57,149
2022-08-04,57,12,44,112
2022-08-05,74,13,47,60
2022-08-06,90,15,29,41
2022-08-07,74,17,41,38
2022-08-08,86,10,46,48
2022-08-09,91,30,56,36
2022-08-10,83,19,41,31
2022-08-11,87,24,26,32
2022-08-12,84,19,44,9
2022-08-13,177,17,33,14
2022-08-14,81,17,34,8
2022-08-15,92,13,32,22
2022-08-16,77,20,38,21
2022-08-17,92,20,27,9
2022-08-18,90,19,25,26
2022-08-19,91,13,26,19
2022-08-20,104,23,41,6
2022-08-21,119,20,41,42
2022-08-22,114,16,30,34
2022-08-23,87,18,27,14
2022-08-24,104,15,33,23
2022-08-25,80,13,34,19
2022-08-26,90,10,21,18
2022-08-27,81,11,15,19
2022-08-28,70,10,32,19
2022-08-29,95,20,38,23
2022-08-30,77,19,23,19
2022-08-31,83,15,33,13
