date,pokemontrades,pokemon,pokemongo,PokemonTCG,PokemonSwordAndShield,PokemonMasters,PokemonUnite,PokemonLegendsArceus,PokemonBDSP,Close,Volume
2022-08-31,1495,4404,4595,3038,2261,1468,2079.0,189.0,259.0,10.22,608000.0
2022-08-30,1669,5024,3890,2734,2481,1810,1947.0,250.0,379.0,10.286,1007000.0
2022-08-29,2085,8077,5366,2426,2017,2930,2653.0,569.0,286.0,10.35,1350500.0
2022-08-28,2245,21951,4187,2489,2396,2382,1292.0,506.0,154.0,10.379999999999999,1742833.3333333333
2022-08-27,1900,4686,5281,2426,2523,2009,1452.0,303.0,197.0,10.41,2135166.6666666665
2022-08-26,1686,4874,5153,4115,1946,1773,2251.0,534.0,268.0,10.44,2527500.0
2022-08-25,1898,3754,3727,3083,2401,3758,1868.0,208.0,203.0,10.648,922000.0
2022-08-24,1096,5946,3449,3079,1972,1028,3001.0,383.0,111.0,10.588,728000.0
2022-08-23,1832,5719,2733,2275,2543,1022,1625.0,395.0,289.0,10.862,1010000.0
2022-08-22,1883,5092,3429,2913,3017,2745,4075.0,489.0,300.0,10.856,1069000.0
2022-08-21,2777,7563,3339,2396,2946,2476,1498.0,541.0,331.0,10.880666666666666,1086166.6666666667
2022-08-20,1949,4336,3755,2784,2030,1403,1268.0,127.0,263.0,10.905333333333333,1103333.3333333333
2022-08-19,2052,6154,3973,3023,2795,1687,2381.0,389.0,128.0,10.93,1120500.0
2022-08-18,1495,4636,4633,2175,2883,2345,2857.0,322.0,238.0,11.222,1823000.0
2022-08-17,2132,7532,3637,2490,2450,771,2243.0,332.0,196.0,11.008,1939000.0
2022-08-16,2083,4595,4178,1997,2000,1111,3710.0,350.0,312.0,10.876,726000.0
2022-08-15,1703,7082,5322,2560,2610,1791,2724.0,604.0,361.0,10.836,1330000.0
2022-08-14,1528,8983,3917,2167,2823,1076,2477.0,455.0,190.0,10.82,1210666.6666666667
2022-08-13,1336,4737,6766,1920,2609,1040,2381.0,252.0,217.0,10.804,1091333.3333333333
2022-08-12,1540,5353,3569,2084,2071,1198,3085.0,366.0,319.0,10.788,972000.0
2022-08-11,1286,6295,4350,4341,2000,672,1588.0,567.0,213.0,10.788,829000.0
2022-08-10,1116,6041,4896,2608,1343,1624,1689.0,459.0,223.0,10.77,892500.0
2022-08-09,1393,5400,3800,2507,2227,1029,2068.0,397.0,103.0,10.52,799000.0
2022-08-08,1212,7235,4622,2872,2745,2711,1999.0,503.0,381.0,10.648,797000.0
2022-08-07,1567,4258,3765,2448,2576,611,1081.0,571.0,174.0,10.702666666666666,1020666.6666666666
2022-08-06,1669,5953,3677,2101,1810,531,1003.0,248.0,127.0,10.757333333333333,1244333.3333333333
2022-08-05,1312,7900,3945,2421,2279,660,1509.0,249.0,247.0,10.812,1468000.0
2022-08-04,1462,10334,3989,2636,1639,675,2452.0,461.0,328.0,10.724,974000.0
2022-08-03,1096,30523,3330,2601,976,979,1997.0,236.0,272.0,10.45,4409000.0
2022-08-02,1181,6504,5647,10873,1621,816,1601.0,647.0,145.0,10.906,858500.0
2022-08-01,1319,5867,4612,3305,1769,963,2031.0,445.0,360.0,11.17,611000.0
2022-07-31,1281,7012,3981,2553,1674,920,1767.0,336.0,189.0,11.18,703500.0
2022-07-30,1524,5984,3610,2501,1336,749,1330.0,463.0,131.0,11.19,796000.0
2022-07-29,1055,3294,4640,2688,1409,1047,1781.0,249.0,313.0,11.2,888500.0
2022-07-28,892,4329,4544,3126,1785,990,1990.0,274.0,264.0,11.162,548000.0
2022-07-27,1038,4287,4582,3125,2025,2222,1585.0,320.0,267.0,11.056,478000.0
2022-07-26,1221,5691,6014,6912,1885,429,2082.0,251.0,206.0,10.89,1685500.0
2022-07-25,1049,6978,6570,2768,1880,911,2279.0,752.0,451.0,11.136,1216500.0
2022-07-24,1517,13262,2703,2288,2218,837,1284.0,785.0,150.0,11.168,1050833.3333333333
2022-07-23,1426,5344,3259,2335,1645,545,1573.0,332.0,308.0,11.2,885166.6666666667
2022-07-22,1426,5383,2724,3154,1689,678,1858.0,473.0,144.0,11.232,719500.0
2022-07-21,1367,4656,3573,2614,1267,631,2866.0,315.0,252.0,11.2,805000.0
2022-07-20,1247,4429,2687,2522,1175,466,970.0,380.0,199.0,11.212,1006000.0
2022-07-19,1478,5490,3187,2474,1098,416,1756.0,345.0,245.0,11.056,775500.0
2022-07-18,1093,5266,3118,2943,1579,614,1750.0,1024.0,251.0,11.27,1775500.0
2022-07-17,2123,4431,4468,1839,1166,549,1542.0,413.0,166.0,11.259333333333332,1878666.6666666667
2022-07-16,1211,4585,3514,4398,1606,684,1531.0,609.0,375.0,11.248666666666667,1981833.3333333333
2022-07-15,1202,5425,3246,2238,1321,517,2059.0,444.0,196.0,11.238,2085000.0
2022-07-14,1266,7045,3368,4664,1801,758,1357.0,414.0,278.0,10.856,509000.0
2022-07-13,1238,3692,4606,4139,1304,992,1879.0,480.0,156.0,10.94,832500.0
2022-07-12,1435,4682,3069,2127,1174,637,1091.0,278.0,158.0,10.882,479000.0
2022-07-11,1092,4651,3785,2196,1902,1082,1508.0,691.0,304.0,10.712,1150000.0
2022-07-10,1536,3858,2974,1951,1584,505,1394.0,354.0,264.0,10.708,987833.3333333334
2022-07-09,1295,10823,3187,5324,1335,1396,927.0,424.0,217.0,10.703999999999999,825666.6666666667
2022-07-08,1396,3889,2924,3946,1293,425,1179.0,269.0,120.0,10.7,663500.0
2022-07-07,1264,3622,4133,2747,1259,1353,917.0,285.0,259.0,10.814,1843500.0
2022-07-06,1405,5637,3083,2511,1249,798,1410.0,388.0,118.0,10.808,1171000.0
2022-07-05,1724,4214,2700,2480,1780,738,1623.0,327.0,315.0,10.812,893000.0
2022-07-04,1784,5367,3587,2172,1594,757,1431.0,833.0,360.0,10.769499999999999,1013750.0
2022-07-03,1570,8943,3208,2564,1653,596,1218.0,653.0,193.0,10.727,1134500.0
2022-07-02,1572,4536,3412,2128,1761,615,1222.0,345.0,209.0,10.6845,1255250.0
2022-07-01,1124,2917,3291,2628,1235,547,1863.0,495.0,110.0,10.642,1376000.0
2022-06-30,1375,2982,3073,2208,1595,898,1589.0,828.0,179.0,10.764,1001500.0
2022-06-29,1552,3504,2658,2097,1776,1284,1459.0,764.0,215.0,10.798,701500.0
2022-06-28,1327,3698,3388,1725,1079,2406,1745.0,279.0,147.0,10.83,975500.0
2022-06-27,1620,7199,3919,1482,1408,737,1422.0,827.0,332.0,10.774,1393500.0
2022-06-26,1573,3084,4404,1877,1451,438,1486.0,668.0,262.0,10.792666666666666,1293833.3333333333
2022-06-25,1928,6158,4392,1894,1121,497,960.0,469.0,232.0,10.811333333333334,1194166.6666666667
2022-06-24,1720,3109,1923,2112,1148,615,1129.0,294.0,229.0,10.83,1094500.0
2022-06-23,1206,5384,3290,2660,1529,453,1693.0,412.0,221.0,10.644,1358000.0
2022-06-22,1615,5174,2806,3139,1243,410,1618.0,265.0,194.0,10.56,1089000.0
2022-06-21,1178,3465,2480,1786,1064,481,1217.0,447.0,160.0,10.604,1107000.0
2022-06-20,1624,6702,3402,2011,2008,923,2235.0,695.0,330.0,10.5605,1129125.0
2022-06-19,1690,5082,3409,1566,1423,455,1259.0,657.0,268.0,10.517,1151250.0
2022-06-18,1513,6693,2483,1581,1799,520,1320.0,271.0,171.0,10.4735,1173375.0
2022-06-17,1547,6133,3174,2740,1292,617,1163.0,225.0,239.0,10.43,1195500.0
2022-06-16,1385,3985,3314,1944,1177,684,1009.0,673.0,286.0,10.456,1297000.0
2022-06-15,1337,3944,2917,2000,1006,789,1378.0,277.0,189.0,10.55,1305000.0
2022-06-14,1553,4055,3289,1718,3826,319,1012.0,444.0,237.0,10.582,2952000.0
2022-06-13,1951,7226,3965,2305,2204,678,1033.0,712.0,420.0,10.59,1651500.0
2022-06-12,1455,4713,3890,1965,1477,451,1007.0,825.0,322.0,10.667333333333334,1631333.3333333333
2022-06-11,1155,6948,2466,1627,1507,545,957.0,491.0,253.0,10.744666666666665,1611166.6666666667
2022-06-10,1720,3978,2376,2259,2106,568,1190.0,424.0,214.0,10.822,1591000.0
2022-06-09,1038,4816,4251,1875,1090,800,1706.0,449.0,195.0,11.05,1226500.0
2022-06-08,1927,4311,3773,1759,1188,535,1334.0,856.0,300.0,10.928,910500.0
2022-06-07,1250,5822,2734,1819,922,394,789.0,661.0,284.0,11.024,1702500.0
2022-06-06,1780,6954,4155,2054,1557,1077,1730.0,874.0,378.0,11.044,1456500.0
2022-06-05,1242,6078,7263,1725,1228,597,1426.0,784.0,281.0,10.990666666666668,1522000.0
2022-06-04,1900,4263,5508,1814,796,629,1037.0,367.0,203.0,10.937333333333333,1587500.0
2022-06-03,1825,4139,2271,1744,1111,1155,1130.0,326.0,172.0,10.884,1653000.0
2022-06-02,1420,5537,2547,2383,1417,803,1609.0,528.0,170.0,11.112,2180000.0
2022-06-01,1198,13324,1868,1341,993,472,671.0,277.0,135.0,11.142,1940500.0
2022-05-31,1242,6088,2848,1887,890,756,1257.0,456.0,145.0,11.12,1201000.0
2022-05-30,934,5151,2690,1412,979,975,1588.0,366.0,233.0,11.144499999999999,1126000.0
2022-05-29,1410,3728,2190,2396,995,838,1161.0,679.0,200.0,11.169,1051000.0
2022-05-28,1381,5136,2484,2321,1067,1025,1407.0,401.0,370.0,11.1935,976000.0
2022-05-27,1524,2997,2373,2587,866,1362,1292.0,793.0,211.0,11.218,901000.0
2022-05-26,1501,4226,2960,2357,955,3323,1705.0,474.0,315.0,11.36,832500.0
2022-05-25,1505,4447,4089,2186,947,651,954.0,427.0,321.0,11.292,1160500.0
2022-05-24,1499,5146,2289,1725,1325,629,1270.0,644.0,338.0,11.68,3346000.0
2022-05-23,1871,5851,2122,1747,1266,1113,1321.0,1001.0,612.0,11.674,1604000.0
2022-05-22,2227,3206,2868,2040,1069,673,1157.0,730.0,419.0,11.624666666666666,1639166.6666666667
2022-05-21,2088,3595,3535,2027,1025,539,1184.0,438.0,382.0,11.575333333333333,1674333.3333333333
2022-05-20,1666,3683,4414,2064,1191,1010,1353.0,394.0,301.0,11.526,1709500.0
2022-05-19,1674,5192,2934,2474,1126,1227,1746.0,345.0,510.0,11.52,2281500.0
2022-05-18,1217,4772,2472,2153,908,549,1234.0,548.0,467.0,11.384,2150000.0
2022-05-17,1107,5249,3851,2407,953,861,1473.0,465.0,385.0,11.112,1844500.0
2022-05-16,1394,6578,2847,2838,1418,1158,2259.0,842.0,424.0,10.914,1340000.0
2022-05-15,1472,2355,2081,2224,2096,677,1924.0,634.0,168.0,10.980666666666666,1307833.3333333333
2022-05-14,1479,7306,2485,1757,1989,724,1130.0,578.0,177.0,11.047333333333334,1275666.6666666667
2022-05-13,1446,3651,2724,1999,1300,355,1509.0,517.0,191.0,11.114,1243500.0
2022-05-12,1032,5326,3052,2027,2096,506,1676.0,622.0,728.0,11.12,1671500.0
2022-05-11,1279,4072,2726,2131,779,559,1548.0,276.0,233.0,10.98,3613000.0
2022-05-10,1018,8712,2932,2167,1103,761,2070.0,515.0,272.0,10.84,5844500.0
2022-05-09,1427,6084,2385,2125,1284,1353,2087.0,801.0,328.0,10.632,2535000.0
2022-05-08,1387,4719,2328,1950,1698,479,1519.0,361.0,291.0,10.754,2464500.0
2022-05-07,1406,2756,2398,1979,1708,554,1266.0,571.0,61.0,10.876,2394000.0
2022-05-06,1197,6201,2769,2161,807,455,1543.0,240.0,217.0,10.998,2323500.0
2022-05-05,1079,5834,2754,2200,916,587,1485.0,468.0,154.0,11.08,4298000.0
2022-05-04,1325,5256,2499,1999,1138,535,1816.0,490.0,244.0,11.408,1295000.0
2022-05-03,1337,5908,3146,2001,657,502,1612.0,642.0,182.0,11.19,1510000.0
2022-05-02,1124,6442,2567,2474,1633,969,2095.0,909.0,313.0,11.136,2965500.0
2022-05-01,1770,6057,2472,2240,1024,736,1609.0,830.0,260.0,11.222666666666667,2364166.6666666665
2022-04-30,1421,3581,3526,2126,1113,405,1461.0,245.0,265.0,11.309333333333333,1762833.3333333333
2022-04-29,1325,3719,2465,2023,1039,781,1852.0,468.0,145.0,11.396,1161500.0
2022-04-28,1705,4096,2752,2591,923,1121,3051.0,721.0,228.0,11.5,2369000.0
2022-04-27,1673,10745,2759,1839,1147,1613,2837.0,608.0,221.0,11.896,969000.0
2022-04-26,1518,4419,3143,2175,1435,688,1227.0,442.0,184.0,11.852,1047000.0
2022-04-25,1665,5791,3489,2143,2790,1829,1247.0,1269.0,470.0,12.374,1125000.0
2022-04-24,1764,2769,3468,2337,1381,355,1147.0,711.0,260.0,12.336666666666668,1242666.6666666667
2022-04-23,2049,6099,3480,1833,1034,440,1278.0,435.0,213.0,12.299333333333333,1360333.3333333333
2022-04-22,1916,4728,1957,2661,1320,468,1115.0,594.0,340.0,12.262,1478000.0
2022-04-21,1294,3944,2615,1986,875,626,1357.0,898.0,130.0,12.342,1668500.0
2022-04-20,1199,5432,2991,2570,1144,372,1814.0,664.0,212.0,12.49,2325500.0
2022-04-19,1131,5510,2211,2496,1499,702,1062.0,599.0,210.0,12.654,1215000.0
2022-04-18,2007,5950,3177,2285,2221,935,3479.0,1812.0,521.0,12.546,1377500.0
2022-04-17,1657,5716,2099,2057,2157,644,1759.0,878.0,223.0,12.580499999999999,1494250.0
2022-04-16,1314,7440,2115,1962,1264,363,1410.0,537.0,261.0,12.614999999999998,1611000.0
2022-04-15,1704,3848,2534,2098,1701,328,1278.0,471.0,269.0,12.6495,1727750.0
2022-04-14,1771,5970,2228,2063,1620,270,1417.0,413.0,348.0,12.684,1844500.0
2022-04-13,1477,5639,2761,4764,1509,461,1156.0,509.0,182.0,12.9,1173500.0
2022-04-12,1126,5920,2557,1768,2038,625,1520.0,679.0,127.0,12.738,1330000.0
2022-04-11,1089,7698,2522,2888,2191,766,1295.0,2348.0,364.0,12.672,1044000.0
2022-04-10,1330,5134,3053,1883,2178,575,1973.0,906.0,239.0,12.729333333333333,1088833.3333333333
2022-04-09,1919,5116,2483,2820,1407,458,1755.0,625.0,187.0,12.786666666666667,1133666.6666666667
2022-04-08,1153,4655,2372,1914,923,774,1377.0,860.0,244.0,12.844,1178500.0
2022-04-07,1703,6096,2822,2622,1030,943,1193.0,646.0,261.0,12.776,1285000.0
2022-04-06,1848,5888,2761,2116,671,519,2021.0,441.0,272.0,12.774,1187500.0
2022-04-05,1292,5317,2244,2151,1549,681,1542.0,551.0,363.0,12.668,1481000.0
2022-04-04,1420,4925,3363,2428,1650,1224,1630.0,2979.0,395.0,13.07,1013000.0
2022-04-03,1632,9613,1987,2169,1654,487,1377.0,1260.0,464.0,13.036,1148666.6666666667
2022-04-02,1860,5238,3158,2342,1297,428,849.0,535.0,249.0,13.002,1284333.3333333333
2022-04-01,1561,3802,3184,2075,1375,643,1450.0,796.0,498.0,12.968,1420000.0
2022-03-31,1947,5552,2809,2167,2329,771,1400.0,608.0,514.0,12.582,737500.0
2022-03-30,1900,4704,1924,2311,1696,733,1404.0,718.0,239.0,12.838,5020000.0
2022-03-29,1902,7098,2655,2302,1295,2246,1493.0,838.0,293.0,13.52,6820500.0
2022-03-28,1580,7173,2169,1929,2046,966,2469.0,2992.0,311.0,13.432,2193500.0
2022-03-27,2003,5130,1963,1787,2087,766,1340.0,909.0,356.0,13.428666666666667,2114833.3333333335
2022-03-26,2675,2962,2939,2506,1942,587,1509.0,1222.0,382.0,13.425333333333334,2036166.6666666667
2022-03-25,1707,4916,3400,2340,1393,572,1697.0,952.0,387.0,13.422,1957500.0
2022-03-24,1815,6055,2045,2253,1905,676,1421.0,1393.0,283.0,13.244,879500.0
2022-03-23,1878,4864,3129,2513,1215,605,1487.0,785.0,357.0,13.144,1453500.0
2022-03-22,2340,7043,2038,2067,2290,684,1207.0,1182.0,298.0,12.92,645500.0
2022-03-21,2147,6311,2914,2010,2612,1195,1304.0,2858.0,698.0,12.856,1331000.0
2022-03-20,2147,6627,3055,2074,1611,552,1399.0,2488.0,418.0,12.874666666666666,1410333.3333333333
2022-03-19,2529,5783,4136,2192,2053,654,1501.0,1130.0,530.0,12.893333333333334,1489666.6666666667
2022-03-18,2156,4677,3553,2195,1278,649,1213.0,821.0,377.0,12.912,1569000.0
2022-03-17,2334,7706,2212,1844,2650,1684,1906.0,1286.0,688.0,12.858,800500.0
2022-03-16,2377,8773,2570,2066,2414,820,2654.0,1699.0,996.0,12.756,1538000.0
2022-03-15,1879,9923,2431,1941,1701,887,2354.0,1513.0,469.0,12.24,1885500.0
2022-03-14,2091,10044,1958,2160,3201,1291,3902.0,3793.0,488.0,12.254,1090000.0
2022-03-13,2620,6407,4189,2026,1753,341,1303.0,2376.0,297.0,12.334666666666667,893000.0
2022-03-12,2783,5948,2387,2341,2147,753,1709.0,1609.0,307.0,12.415333333333333,696000.0
2022-03-11,2158,4816,2665,3201,3457,601,1638.0,1397.0,239.0,12.496,499000.0
2022-03-10,1963,7253,2658,2241,2736,661,1776.0,2508.0,398.0,12.504,647500.0
2022-03-09,2000,8057,2868,1746,1276,694,1656.0,2220.0,351.0,12.62,1913000.0
2022-03-08,2788,9209,2768,2281,1432,582,1433.0,2152.0,291.0,12.144,1649000.0
2022-03-07,2450,14825,3517,2487,1318,1364,1484.0,5563.0,592.0,12.316,1511000.0
2022-03-06,2795,11060,2662,1792,2513,890,2928.0,4701.0,331.0,12.434000000000001,1866333.3333333333
2022-03-05,2686,8731,2827,2487,1971,687,2134.0,2279.0,283.0,12.552,2221666.6666666665
2022-03-04,2174,7421,2779,2466,1331,1217,1638.0,2606.0,343.0,12.67,2577000.0
2022-03-03,2432,11350,3129,1559,1373,791,1789.0,2992.0,367.0,12.718,1131000.0
2022-03-02,2410,21494,3421,2086,1315,1126,2019.0,2435.0,381.0,12.662,1267000.0
2022-03-01,2720,18062,3984,2468,2016,1147,2099.0,2622.0,342.0,12.552,1903000.0
2022-02-28,2762,35067,2500,2562,2176,1905,2434.0,4166.0,833.0,12.714,2182500.0
2022-02-27,2687,26619,5752,2728,2772,842,1988.0,5738.0,851.0,12.622,1977833.3333333333
2022-02-26,2583,6208,4129,3075,2343,900,1497.0,2832.0,443.0,12.530000000000001,1773166.6666666667
2022-02-25,2908,4602,2744,3421,1381,1841,2664.0,3130.0,470.0,12.438,1568500.0
2022-02-24,2122,7142,1961,2123,1818,2692,3660.0,3268.0,362.0,12.47,1925500.0
2022-02-23,2102,6415,2298,2685,1924,904,1893.0,3866.0,324.0,12.524,1111500.0
2022-02-22,3009,6808,1832,1893,2084,805,2125.0,3277.0,844.0,12.62,1422000.0
2022-02-21,3173,8418,2276,2482,3958,2191,2179.0,10539.0,897.0,12.658999999999999,1381875.0
2022-02-20,3057,5222,2251,2139,1676,659,1573.0,4789.0,392.0,12.698,1341750.0
2022-02-19,3499,6773,1861,2367,1371,642,1685.0,3669.0,424.0,12.737,1301625.0
2022-02-18,3236,5427,1725,2438,1980,580,1935.0,3863.0,334.0,12.776,1261500.0
2022-02-17,3803,7160,1999,1872,1528,565,2364.0,3376.0,352.0,12.65,830500.0
2022-02-16,3065,9434,2534,2222,1634,492,1531.0,3445.0,434.0,12.71,1481500.0
2022-02-15,3336,9081,1886,1818,1363,424,1668.0,4255.0,312.0,12.828,2971500.0
2022-02-14,3175,9248,1622,1916,1028,676,1314.0,6009.0,683.0,12.474,1102500.0
2022-02-13,4347,5628,1611,2236,1473,330,1496.0,4397.0,407.0,12.448666666666666,1570333.3333333333
2022-02-12,3629,5363,1712,2476,1278,452,1325.0,5300.0,567.0,12.423333333333334,2038166.6666666665
2022-02-11,3674,8936,1566,2943,1406,396,2089.0,3968.0,439.0,12.398,2506000.0
2022-02-10,3216,7480,2172,2078,1504,681,2600.0,4778.0,304.0,12.31,2592500.0
2022-02-09,3847,7870,1694,2608,1133,326,2190.0,5735.0,506.0,12.65,1201000.0
2022-02-08,4730,11389,2445,2215,839,468,1583.0,5648.0,767.0,12.532,1297000.0
2022-02-07,3767,10112,2161,2451,1336,620,2088.0,11154.0,802.0,12.676,792000.0
2022-02-06,5049,8547,2601,2119,1994,263,2086.0,6096.0,254.0,12.652,852000.0
2022-02-05,4660,8636,1844,2468,869,398,1190.0,5651.0,395.0,12.628,912000.0
2022-02-04,4029,9187,2010,2702,1459,373,2681.0,6553.0,464.0,12.604,972000.0
2022-02-03,4100,8087,1958,3199,1786,689,2336.0,6780.0,437.0,12.32,3557500.0
2022-02-02,3508,10312,2362,3005,1633,498,2145.0,5317.0,499.0,12.532,1139000.0
2022-02-01,3181,8982,1745,3315,1546,640,1894.0,6070.0,409.0,12.39,1189500.0
2022-01-31,3771,17298,1849,2822,2438,939,2172.0,13983.0,1318.0,12.22,2925000.0
2022-01-30,4971,8532,2071,2586,2022,428,1783.0,5385.0,668.0,12.220666666666666,3267000.0
2022-01-29,4159,10058,1880,2712,2222,330,2287.0,5362.0,490.0,12.221333333333334,3609000.0
2022-01-28,3916,16273,2715,2632,1979,672,2303.0,8299.0,558.0,12.222,3951000.0
2022-01-27,4972,6976,3364,3379,3411,1494,1764.0,2560.0,766.0,12.238,3588500.0
2022-01-26,5720,10591,2266,3102,3655,498,2720.0,1885.0,672.0,12.212,3316500.0
2022-01-25,5840,5935,2157,2959,2846,1273,2510.0,1471.0,1132.0,11.782,2522000.0
2022-01-24,5436,8277,2525,2084,3702,737,2397.0,1944.0,3259.0,11.75,3923000.0
2022-01-23,7545,6196,2665,2913,4308,600,1894.0,1507.0,977.0,11.788,3669833.3333333335
2022-01-22,8003,7247,2210,2427,2728,384,1927.0,1426.0,782.0,11.826,3416666.6666666665
2022-01-21,7110,8015,2558,2727,5116,631,1894.0,1742.0,986.0,11.864,3163500.0
2022-01-20,6756,8146,2470,3079,3234,548,4771.0,2881.0,750.0,11.982,3325500.0
2022-01-19,6971,17472,2041,3153,3447,325,1404.0,1631.0,877.0,11.722,3523000.0
2022-01-18,7479,7980,2597,3166,3659,450,1943.0,818.0,1194.0,11.682,3610000.0
2022-01-17,8860,8616,2640,3002,4831,804,2137.0,818.0,4523.0,11.6195,2999250.0
2022-01-16,8688,6353,2623,2719,4590,745,1650.0,580.0,1279.0,11.557,2388500.0
2022-01-15,10081,7199,2023,3191,2551,466,1475.0,684.0,1150.0,11.4945,1777750.0
2022-01-14,9046,7878,2831,3704,2591,805,1946.0,747.0,1132.0,11.432,1167000.0
2022-01-13,8444,9065,2418,3250,2022,1225,2217.0,904.0,1017.0,11.44,1445500.0
2022-01-12,9323,6923,2301,3200,4046,779,1756.0,414.0,1103.0,11.71,690000.0
2022-01-11,8961,11256,2518,4808,3252,749,1127.0,557.0,1242.0,11.798,1047500.0
2022-01-10,8275,11066,2762,2591,3999,844,1566.0,635.0,7248.0,11.688,2455500.0
2022-01-09,10325,11831,1614,2622,4053,555,1271.0,316.0,2007.0,11.665333333333333,2122000.0
2022-01-08,10509,9968,3037,2920,2303,589,1951.0,370.0,1510.0,11.642666666666667,1788500.0
2022-01-07,9693,4789,2702,3674,2575,827,1526.0,535.0,1314.0,11.62,1455000.0
2022-01-06,9399,8342,2201,2356,3823,617,1564.0,197.0,1728.0,11.49,1696000.0
2022-01-05,8899,11218,2426,2563,2236,552,1654.0,98.0,1486.0,11.388,1127500.0
2022-01-04,9580,10199,2781,2845,3235,705,1747.0,180.0,1736.0,11.66,1287000.0
2022-01-03,10882,11761,3169,8526,2745,928,1219.0,297.0,8874.0,11.694,1986500.0
2022-01-02,12246,9876,2058,2019,2361,508,1577.0,306.0,1743.0,11.687333333333333,1740000.0
2022-01-01,10003,7926,2971,2013,2761,1137,1007.0,75.0,1854.0,11.680666666666667,1493500.0
2021-12-31,10902,8237,2206,2192,2576,543,1428.0,176.0,1671.0,11.674,1247000.0
2021-12-30,11388,6824,2903,2419,2690,508,2078.0,373.0,1560.0,11.718,1750000.0
2021-12-29,11679,8622,1881,3216,3136,783,1512.0,149.0,2012.0,11.898,798000.0
2021-12-28,11721,6510,2420,2608,3181,756,1464.0,140.0,2014.0,11.954,1528000.0
2021-12-27,11593,10787,2263,2398,2837,1480,2157.0,167.0,10267.0,12.26,2470500.0
2021-12-26,9321,4544,2142,2438,2625,458,1241.0,40.0,1767.0,12.2405,2203875.0
2021-12-25,7880,5398,1699,2665,3367,612,1283.0,40.0,1348.0,12.221,1937250.0
2021-12-24,8499,5271,2466,2057,2319,737,2234.0,72.0,1473.0,12.2015,1670625.0
2021-12-23,7978,4667,2077,2217,1861,545,1691.0,51.0,2144.0,12.182,1404000.0
2021-12-22,7623,7155,2308,2493,7567,677,2048.0,49.0,1720.0,12.022,1356500.0
2021-12-21,11510,13369,2747,3063,3339,1660,2024.0,55.0,1934.0,12.19,2595000.0
2021-12-20,10825,12446,3081,2725,1945,696,3257.0,81.0,8514.0,11.848,2500500.0
2021-12-19,12318,5278,2590,2015,1557,433,2428.0,108.0,1806.0,11.779333333333334,2330166.6666666665
2021-12-18,10245,9638,2231,2223,6990,491,1457.0,78.0,1737.0,11.710666666666667,2159833.3333333335
2021-12-17,11515,6261,2198,2374,1964,487,2067.0,92.0,1652.0,11.642,1989500.0
2021-12-16,11500,10222,2877,2809,1723,557,2588.0,187.0,1899.0,11.804,1740500.0
2021-12-15,12681,10458,2669,2856,1613,504,2579.0,316.0,1938.0,11.784,1791000.0
2021-12-14,12901,9046,2636,2332,1192,487,2340.0,31.0,2140.0,11.636,1917500.0
2021-12-13,12453,10745,2418,2326,1483,786,3733.0,57.0,11089.0,11.7,1864500.0
2021-12-12,14102,10392,2182,4911,9922,287,2566.0,38.0,2710.0,11.76,1745500.0
2021-12-11,14965,14140,2429,2644,1244,312,1946.0,41.0,2108.0,11.82,1626500.0
2021-12-10,10979,7398,2444,2293,1522,534,2095.0,331.0,2471.0,11.88,1507500.0
2021-12-09,11586,6828,3328,2293,1481,576,5476.0,122.0,3005.0,11.73,1447500.0
2021-12-08,13108,9769,3626,2670,1421,558,2289.0,121.0,2739.0,11.72,1786000.0
2021-12-07,13905,6512,3925,2441,1164,316,1217.0,45.0,2036.0,11.55,3227000.0
2021-12-06,13016,13788,3567,3122,3774,680,2654.0,147.0,12318.0,11.194,3014500.0
2021-12-05,16744,12044,2497,2225,1531,394,1394.0,46.0,2833.0,11.182666666666668,2740833.3333333335
2021-12-04,13702,8165,2504,2888,2547,532,1236.0,4.0,2803.0,11.171333333333333,2467166.6666666665
2021-12-03,13075,7580,2921,2418,2211,612,1368.0,26.0,3393.0,11.16,2193500.0
2021-12-02,14568,9993,2517,2347,2735,747,1828.0,44.0,4719.0,11.4,1998500.0
2021-12-01,15543,10694,2065,2386,2014,741,2144.0,47.0,3754.0,11.066,1646500.0
2021-11-30,18364,10748,2428,2840,1192,1353,1894.0,24.0,3233.0,11.016,2316000.0
2021-11-29,19666,10626,2561,2452,1812,1139,2013.0,31.0,14653.0,11.342,2568500.0
2021-11-28,25996,6226,1827,2326,2315,562,1576.0,43.0,4111.0,11.179333333333334,1957166.6666666665
2021-11-27,24207,11893,2355,8772,2286,594,1611.0,11.0,4420.0,11.016666666666666,1345833.3333333333
2021-11-26,20696,10210,2133,2384,1885,742,1560.0,37.0,3628.0,10.854,734500.0
2021-11-25,21227,8778,2084,3504,2406,1143,2070.0,27.0,5184.0,10.907,1024750.0
2021-11-24,21370,9440,2065,2360,3599,2067,2127.0,71.0,4085.0,10.96,1315000.0
2021-11-23,21663,15241,2028,2296,1914,410,2456.0,68.0,4494.0,11.018,2130500.0
2021-11-22,19384,14335,2819,2401,5137,522,2439.0,21.0,16333.0,11.11,1884000.0
2021-11-21,20097,10241,2638,2441,2599,370,2701.0,7.0,5068.0,11.195333333333332,1666166.6666666667
2021-11-20,14845,10785,2443,5941,2208,302,2553.0,10.0,4541.0,11.280666666666667,1448333.3333333333
2021-11-19,4636,18312,2000,2691,3757,365,3538.0,22.0,4816.0,11.366,1230500.0
2021-11-18,2035,12512,2595,2970,3155,724,2484.0,81.0,2266.0,11.304,2088000.0
2021-11-17,1855,26327,2227,2888,2368,296,3519.0,57.0,1943.0,11.062,1602000.0
2021-11-16,1642,9362,3332,2933,4651,435,3053.0,38.0,1188.0,11.19,3669000.0
2021-11-15,2171,12001,4206,2920,3617,506,4065.0,64.0,4707.0,10.99,1554500.0
2021-11-14,2417,6552,2207,3205,6984,297,2630.0,73.0,654.0,11.017333333333333,1461333.3333333333
2021-11-13,1992,11900,2354,3554,10286,439,2723.0,49.0,647.0,11.044666666666666,1368166.6666666667
2021-11-12,1413,7303,2212,2874,2490,386,2956.0,25.0,727.0,11.072,1275000.0
2021-11-11,1775,6545,2908,4169,2908,523,3217.0,21.0,408.0,11.0,1463500.0
2021-11-10,1527,8838,2412,3272,2664,334,3983.0,46.0,609.0,10.862,1676500.0
2021-11-09,1576,9403,3459,3792,3236,709,4480.0,4.0,371.0,10.92,1236500.0
2021-11-08,1194,9412,1951,3593,4773,740,4512.0,20.0,504.0,10.94,1513500.0
2021-11-07,1617,4865,1832,3178,3076,594,2858.0,30.0,250.0,10.983333333333333,1811666.6666666667
2021-11-06,2238,8749,2590,2433,4484,322,3115.0,46.0,229.0,11.026666666666667,2109833.3333333335
2021-11-05,1293,4264,2326,2782,4380,474,2721.0,68.0,231.0,11.07,2408000.0
2021-11-04,1513,24722,2403,4161,4189,517,2651.0,22.0,320.0,10.72,1909500.0
2021-11-03,1349,11526,2524,3193,4616,410,2968.0,48.0,251.0,10.72,1799500.0
2021-11-02,1879,7285,1561,3586,5042,847,3999.0,33.0,206.0,10.714,2390500.0
2021-11-01,1783,12673,2158,3067,4408,880,2297.0,62.0,248.0,11.108,1227500.0
2021-10-31,2316,3847,1870,9448,4376,432,3301.0,11.0,80.0,11.088666666666667,1199333.3333333333
2021-10-30,2045,5196,1859,8013,6561,764,3240.0,100.0,121.0,11.069333333333335,1171166.6666666667
2021-10-29,1832,3494,2260,5474,3716,892,2743.0,55.0,120.0,11.05,1143000.0
2021-10-28,1819,6610,1943,5729,4920,777,3576.0,128.0,164.0,10.934,1286000.0
2021-10-27,2200,6053,2750,3729,5234,1820,3083.0,105.0,146.0,10.678,1017000.0
2021-10-26,2616,6430,2276,8233,8854,641,3068.0,119.0,115.0,10.73,1531000.0
2021-10-25,2147,13460,2993,3251,11148,1269,5801.0,59.0,75.0,10.83,1279000.0
2021-10-24,1721,7218,2628,3647,7954,518,2657.0,69.0,12.0,10.877333333333333,1195333.3333333333
2021-10-23,2004,9916,1788,4766,6302,423,2871.0,10.0,126.0,10.924666666666667,1111666.6666666667
2021-10-22,2055,3598,2309,5840,6762,609,4514.0,47.0,69.0,10.972,1028000.0
2021-10-21,1304,5948,2330,3400,2652,418,4173.0,214.0,28.0,10.938,5371000.0
2021-10-20,1734,6709,2479,3029,2077,633,6520.0,74.0,113.0,10.946,3151000.0
2021-10-19,1712,8275,1941,2953,1841,694,6191.0,189.0,148.0,11.21,2145500.0
2021-10-18,1460,5833,2791,4035,2803,1135,5051.0,18.0,51.0,11.24,3041500.0
2021-10-17,2140,6449,2569,12071,3074,1032,3293.0,19.0,137.0,11.246,2732666.6666666665
2021-10-16,1737,7743,2630,3464,3303,666,3840.0,6.0,66.0,11.251999999999999,2423833.3333333335
2021-10-15,1165,5485,2472,3296,2333,677,3590.0,81.0,58.0,11.258,2115000.0
2021-10-14,1234,7715,3007,3640,2483,913,4680.0,67.0,239.0,11.394,1112500.0
2021-10-13,1134,5260,2940,5079,6670,561,4269.0,77.0,399.0,11.29,556000.0
2021-10-12,1452,4849,2491,4119,3547,414,3968.0,26.0,80.0,11.31,1250500.0
2021-10-11,1622,11508,2698,3931,3869,1049,5452.0,87.0,42.0,11.284,1148500.0
2021-10-10,1872,7644,3226,3827,8775,558,4091.0,34.0,52.0,11.280000000000001,1058333.3333333333
2021-10-09,1603,4569,3388,4719,4298,634,4183.0,117.0,28.0,11.276,968166.6666666666
2021-10-08,1669,4684,2184,5951,5628,976,5908.0,26.0,62.0,11.272,878000.0
2021-10-07,1752,4689,3214,3552,4735,908,5022.0,22.0,32.0,11.33,1368000.0
2021-10-06,1330,5177,2011,2573,3243,565,5995.0,7.0,50.0,11.156,1658000.0
2021-10-05,1283,5369,2714,3329,2929,929,5673.0,22.0,3.0,10.92,3419000.0
2021-10-04,1502,7676,3737,3566,3558,1568,5061.0,53.0,31.0,10.94,3313500.0
2021-10-03,2695,7543,2870,4111,3425,1035,5261.0,41.0,19.0,11.046666666666667,4832666.666666667
2021-10-02,2354,6571,2145,2535,2722,1208,5405.0,2.0,37.0,11.153333333333332,6351833.333333334
2021-10-01,3179,4850,2577,2096,2255,1188,6790.0,63.0,41.0,11.26,7871000.0
2021-09-30,998,9500,2665,2423,2217,1547,5662.0,130.0,30.0,11.85,5248500.0
2021-09-29,1116,8254,2427,2377,2247,1390,5077.0,198.0,64.0,11.802,3394000.0
2021-09-28,967,9677,2157,1833,2136,2252,5615.0,275.0,120.0,11.634,3581000.0
2021-09-27,1029,6319,2649,3503,3208,1444,6401.0,16.0,106.0,12.148,967000.0
2021-09-26,1720,5496,2533,2443,3679,765,6210.0,17.0,97.0,12.149333333333333,1115333.3333333333
2021-09-25,1082,8342,2006,2994,2329,653,5946.0,14.0,10.0,12.150666666666666,1263666.6666666667
2021-09-24,1282,4369,1967,2917,1555,1471,5192.0,20.0,46.0,12.152,1412000.0
2021-09-23,1025,4637,1943,2317,2502,1046,6338.0,72.0,55.0,12.28,1792500.0
2021-09-22,1070,6058,1878,2294,2256,725,7800.0,22.0,29.0,12.124,3606000.0
2021-09-21,1014,6138,2094,3699,1936,1135,6460.0,26.0,28.0,12.05,2301000.0
2021-09-20,1260,6610,2395,4908,2437,1825,2696.0,32.0,49.0,11.99,2430500.0
2021-09-19,1631,7645,2831,2126,1840,950,2640.0,47.0,23.0,12.040000000000001,2692833.3333333335
2021-09-18,1607,4125,2089,2305,2545,1091,3266.0,16.0,37.0,12.09,2955166.6666666665
2021-09-17,1260,3732,2413,2485,4415,1153,2971.0,83.0,61.0,12.14,3217500.0
2021-09-16,1444,4596,2544,3112,2205,2086,2874.0,13.0,22.0,12.004,1979000.0
2021-09-15,1345,4993,3147,2214,2924,1545,4286.0,50.0,28.0,12.238,4769000.0
2021-09-14,918,7058,2464,4348,2033,2908,2182.0,22.0,73.0,12.252,3279000.0
2021-09-13,1403,7340,2672,2851,2995,1656,3456.0,23.0,104.0,12.53,2636000.0
2021-09-12,1667,6023,2614,2651,3234,1066,3371.0,30.0,12.0,12.498,2578000.0
2021-09-11,1816,10292,2271,2278,2593,1139,2753.0,5.0,68.0,12.466,2520000.0
2021-09-10,1405,3612,2166,2569,2741,1399,2705.0,44.0,24.0,12.434,2462000.0
2021-09-09,1179,6099,2298,3252,2442,1179,4263.0,26.0,99.0,12.31,3337500.0
2021-09-08,1237,5831,2222,2642,2219,1074,3138.0,15.0,34.0,12.31,2085000.0
2021-09-07,1130,9487,2434,2608,2471,1047,4304.0,38.0,45.0,12.6,2288000.0
2021-09-06,1707,6230,3088,2238,4354,2309,3943.0,48.0,24.0,12.545,2561125.0
2021-09-05,1391,9310,3524,3009,2957,1184,3571.0,20.0,16.666666666666668,12.49,2834250.0
2021-09-04,1758,6610,2692,2388,3243,1648,3140.0,34.0,9.333333333333334,12.435,3107375.0
2021-09-03,1714,5555,2471,2564,3459,1773,4409.0,55.0,2.0,12.38,3380500.0
2021-09-02,1384,11075,3063,2850,2661,1582,3816.0,54.0,51.0,12.388,2691000.0
2021-09-01,1608,17943,1275,2254,3145,2477,4250.0,100.0,118.0,12.222,3558000.0
2021-08-31,1488,14979,2,3000,3133,1827,4703.0,49.0,47.0,12.016,2424000.0
2021-08-30,1945,12133,226,3617,4221,3370,4575.0,32.0,48.0,11.91,1338500.0
2021-08-29,2392,14637,2736,4247,3078,1389,3459.0,48.0,74.0,11.87,2017500.0
2021-08-28,1560,7276,4523,3282,3988,2808,5148.0,81.0,23.0,11.83,2696500.0
2021-08-27,1814,5353,2836,4113,3262,2506,4440.0,62.0,41.0,11.79,3375500.0
2021-08-26,1583,5883,2754,2626,5375,5122,4484.0,5.0,131.0,11.856,1264000.0
2021-08-25,2144,5415,3586,2495,3873,1476,5182.0,77.0,51.0,12.044,1820500.0
2021-08-24,1793,8255,3431,3030,4328,1436,5051.0,74.0,55.0,12.104,1831000.0
2021-08-23,2317,13935,3325,2111,3806,3009,5141.0,197.0,48.0,12.07,2567500.0
2021-08-22,2743,8982,3930,2638,3019,1390,4674.0,210.0,48.0,12.072000000000001,2631833.3333333335
2021-08-21,2037,16506,3701,2166,3541,1142,4905.0,210.0,116.0,12.074,2696166.6666666665
2021-08-20,2349,10797,3451,2132,3372,1727,5100.0,237.0,149.0,12.076,2760500.0
2021-08-19,1925,8495,2296,2552,3035,1567,4577.0,274.0,155.0,11.81,1858500.0
2021-08-18,1661,18075,3245,1748,2481,2204,6292.0,650.0,237.0,11.806,2255500.0
2021-08-17,1501,4360,2061,1774,2280,812,5741.0,34.0,28.0,11.834,2785500.0
2021-08-16,1484,10188,2902,2354,4062,1930,6357.0,27.0,28.0,11.87,4859500.0
2021-08-15,1762,4897,4430,1601,2376,756,4627.0,24.0,16.0,11.875333333333332,3992166.6666666665
2021-08-14,1973,9207,5557,2246,2236,756,4694.0,10.0,13.333333333333334,11.880666666666666,3124833.333333333
2021-08-13,1681,4005,2647,1893,2130,919,5109.0,41.0,10.666666666666668,11.886,2257500.0
2021-08-12,2048,4193,2421,1874,2230,1485,6019.0,11.0,8.0,11.8,3637000.0
2021-08-11,2215,3368,3642,1938,2277,880,5817.0,3.0,11.0,11.838,3232500.0
2021-08-10,1393,5896,2625,2177,2606,917,5395.0,19.0,14.0,11.37,5256000.0
2021-08-09,1843,7155,3390,2509,4729,1166,5794.0,10.0,17.0,11.826,2437000.0
2021-08-08,1925,4655,3087,2143,2862,412,5983.0,5.5,18.0,11.825333333333333,3762166.666666667
2021-08-07,2207,6059,3394,1880,2657,934,5687.0,1.0,8.0,11.824666666666667,5087333.333333334
2021-08-06,1352,6901,3891,2025,2371,618,6606.0,4.0,12.0,11.824,6412500.0
2021-08-05,2082,8581,2887,1593,2857,611,7313.0,5.0,14.0,12.534,3837500.0
2021-08-04,1604,6761,3866,2000,1912,654,8029.0,8.0,31.0,12.762,1872000.0
2021-08-03,1680,6999,3120,1859,2155,655,8914.0,15.0,10.0,12.968,1878500.0
2021-08-02,1651,8160,4205,2299,2650,870,8686.0,26.0,9.0,13.018,1820000.0
2021-08-01,2091,6905,4080,1817,1928,669,6269.0,19.0,24.0,12.962,2050500.0
2021-07-31,1306,6932,3024,2176,1784,1049,7793.0,22.0,39.0,12.906,2281000.0
2021-07-30,1913,5008,2521,2291,1478,1323,8792.0,19.0,26.0,12.85,2511500.0
2021-07-29,1523,7515,6396,1715,2069,998,10926.0,5.0,43.0,13.312,2437500.0
2021-07-28,1551,4900,2435,2039,1955,1952,11760.0,18.0,39.5,13.57,2081000.0
2021-07-27,1711,9933,2557,1793,1638,620,10537.0,13.0,36.0,13.578,2050500.0
2021-07-26,1449,8104,2964,2200,2983,1880,10480.0,44.0,19.5,13.598,2867500.0
2021-07-25,1884,5991,3303,1291,2582,507,9791.0,7.0,3.0,13.640666666666668,2935666.6666666665
2021-07-24,1898,4819,2782,2200,1863,312,9192.0,4.0,7.5,13.683333333333334,3003833.3333333335
2021-07-23,1378,5601,2416,2043,2432,435,8469.0,29.0,12.0,13.726,3072000.0
2021-07-22,2039,5671,2602,1680,1327,562,8290.0,3.0,32.0,13.678,2455000.0
2021-07-21,1539,5520,4709,1645,1871,406,8187.0,72.0,52.0,13.74,4378000.0
2021-07-20,1602,7190,2448,1411,2217,595,1244.0,7.0,49.42857142857143,13.71,13523000.0
2021-07-19,2325,7837,5864,1686,2767,735,887.0,1.0,46.857142857142854,13.8,5535500.0
2021-07-18,1774,3718,6516,1165,1717,421,318.0,3.0,44.285714285714285,13.903333333333334,4076666.666666667
2021-07-17,1865,4410,4365,1847,1929,519,429.0,17.0,41.714285714285715,14.006666666666666,2617833.3333333335
2021-07-16,1989,7659,2738,2100,1916,577,642.0,5.0,39.14285714285714,14.11,1159000.0
2021-07-15,1793,6809,3441,1742,2010,843,670.0,3.0,36.57142857142857,14.23,3065500.0
2021-07-14,1660,3490,2337,1769,1637,638,933.0,6.0,34.0,14.424,1075000.0
2021-07-13,2114,6246,2393,1810,1628,669,584.0,4.0,27.333333333333332,14.282,919500.0
2021-07-12,1513,5250,3354,1893,2814,744,872.0,5.0,20.666666666666664,14.42,794500.0
2021-07-11,2301,2625,1864,1461,1803,321,362.0,18.0,14.0,14.459333333333333,907500.0
2021-07-10,2181,4789,1804,1799,1605,460,293.0,2.0,5.0,14.498666666666667,1020500.0
2021-07-09,1536,5395,2333,1714,1772,678,337.0,11.0,17.5,14.538,1133500.0
2021-07-08,1791,4671,1951,1949,1454,835,435.0,17.0,30.0,14.25,1136000.0
2021-07-07,2147,7447,2703,1706,1774,369,367.0,20.0,42.5,14.962,2171500.0
2021-07-06,2407,5120,2215,1724,1339,466,514.0,0.0,55.0,15.058,1499500.0
2021-07-05,1864,7654,2935,1956,2477,974,434.0,0.0,34.0,14.9665,1300750.0
2021-07-04,2966,4639,2080,1371,1341,458,291.0,11.0,13.0,14.875,1102000.0
2021-07-03,2068,6694,2239,1536,1519,463,181.0,3.0,12.75,14.7835,903250.0
2021-07-02,1589,8179,2014,1836,1337,780,200.0,43.0,12.5,14.692,704500.0
2021-07-01,2067,8821,3094,2247,2130,654,385.0,19.0,12.25,14.482,813000.0
2021-06-30,1896,5160,2414,2082,1791,869,226.0,5.0,12.0,14.506,1016500.0
2021-06-29,2558,6815,1597,1667,1719,1005,302.0,8.0,17.0,14.62,2051000.0
2021-06-28,2524,6012,2257,2023,2154,2081,182.0,7.0,12.5,14.716,1796000.0
2021-06-27,2117,4379,1942,1442,2587,530,224.0,1.0,8.0,14.636,1623333.3333333333
2021-06-26,2349,3236,1693,1488,1701,387,512.0,10.0,4.5,14.556000000000001,1450666.6666666667
2021-06-25,1778,3461,2044,2140,1753,783,349.0,12.0,1.0,14.476,1278000.0
2021-06-24,1116,5531,2098,1894,1806,508,383.0,33.0,4.166666666666666,14.56,1052500.0
2021-06-23,2057,5017,2280,1780,1985,433,186.0,15.0,7.333333333333333,14.402,1012500.0
2021-06-22,1877,4281,21460,2115,1783,247,116.0,17.0,10.5,14.74,1059500.0
2021-06-21,2744,4819,5245,1610,2376,883,167.0,12.0,13.666666666666666,14.85,1276500.0
2021-06-20,2115,2845,2159,2292,2018,541,150.0,4.0,16.833333333333332,14.806,1317000.0
2021-06-19,1650,2513,1576,2189,2239,654,58.0,2.0,20.0,14.762,1357500.0
2021-06-18,1796,4004,1657,2515,2070,504,142.0,5.0,12.0,14.718,1398000.0
2021-06-17,1630,5404,1784,2557,1493,539,318.0,4.0,7.0,14.71,2400500.0
2021-06-16,1681,3919,2158,1949,1913,462,109.0,3.0,9.0,14.282,1597000.0
2021-06-15,1699,5318,1624,1951,1462,863,120.0,17.0,7.0,14.646,1639500.0
2021-06-14,1470,5227,1766,1836,2608,911,50.0,8.0,5.333333333333333,14.856,1448000.0
2021-06-13,1814,2311,2292,1180,1738,411,6.0,5.0,3.6666666666666665,15.040666666666667,1324500.0
2021-06-12,1569,2322,1272,1156,1818,330,4.0,10.0,2.0,15.225333333333333,1201000.0
2021-06-11,2144,3802,1746,2013,1982,720,7.666666666666666,3.0,11.0,15.41,1077500.0
2021-06-10,2303,5068,1912,1702,2286,889,11.333333333333332,8.0,10.666666666666666,15.408,1015500.0
2021-06-09,1622,4197,2183,1193,2140,666,15.0,13.0,10.333333333333334,15.34,912000.0
2021-06-08,1893,4978,1775,1744,1977,564,18.0,3.0,10.0,15.6,1547000.0
2021-06-07,1746,5890,2013,2027,2580,1112,46.0,13.0,12.0,15.726,863000.0
2021-06-06,1504,2997,2887,1649,2068,568,13.0,6.0,10.0,15.67,836666.6666666666
2021-06-05,1740,3689,1642,1597,2002,962,15.0,7.0,15.0,15.614,810333.3333333334
2021-06-04,1599,6796,1812,1728,1954,927,16.333333333333332,17.0,20.0,15.558,784000.0
2021-06-03,1654,6091,2145,1586,2024,2046,17.666666666666668,14.0,4.0,15.26,1557000.0
2021-06-02,1971,5093,1498,1376,1667,908,19.0,10.0,8.0,15.25,1171000.0
2021-06-01,1276,5101,1627,1638,1771,1311,44.0,12.0,9.0,15.202,1492000.0
2021-05-31,2140,5270,1779,1774,2185,2157,35.0,8.0,15.0,15.2675,1408000.0
2021-05-30,2735,4455,1510,1257,1881,777,21.0,20.0,12.0,15.333,1324000.0
2021-05-29,2759,2737,1334,1298,1762,931,27.0,49.0,9.0,15.3985,1240000.0
2021-05-28,1763,4198,1989,1758,1599,775,6.0,10.0,6.0,15.464,1156000.0
2021-05-27,1793,5669,1701,2059,1536,1805,90.0,22.0,3.0,15.326,1328500.0
2021-05-26,1764,7678,1375,2005,1226,671,49.0,98.0,15.0,15.474,1087500.0
2021-05-25,1628,4280,2259,1795,1519,1253,8.0,8.0,23.0,15.29,1570500.0
2021-05-24,1932,5750,1816,1714,2149,1352,8.333333333333334,10.0,31.0,15.02,2657500.0
2021-05-23,2048,3497,1479,1518,1632,797,8.666666666666666,28.0,21.333333333333336,14.904666666666666,2614333.3333333335
2021-05-22,1843,2215,1042,1279,1737,545,9.0,13.0,11.666666666666668,14.789333333333333,2571166.6666666665
2021-05-21,1757,2852,1709,2384,1321,609,8.0,10.0,2.0,14.674,2528000.0
2021-05-20,1435,4998,1526,1742,1528,821,7.0,9.0,5.666666666666666,14.386,5358000.0
2021-05-19,1852,6041,1549,1554,1876,693,6.0,11.0,9.333333333333332,14.36,1964500.0
2021-05-18,1802,4648,1477,1406,1791,737,16.0,2.0,13.0,14.08,3242500.0
2021-05-17,1607,5085,3218,1606,2527,1743,3.0,17.0,17.5,14.264,1740500.0
2021-05-16,2577,3337,1567,1677,2173,500,19.0,14.0,22.0,14.211333333333332,1799833.3333333333
2021-05-15,1665,2621,1799,1480,1652,536,57.0,8.0,0.0,14.158666666666667,1859166.6666666667
2021-05-14,1721,3749,1033,1939,1255,1073,15.0,13.0,1.3333333333333333,14.106,1918500.0
2021-05-13,1674,4938,1313,1466,2109,972,12.0,6.0,2.6666666666666665,13.72,7994500.0
2021-05-12,2285,4794,2048,1989,1998,456,6.0,5.0,4.0,13.904,1683000.0
2021-05-11,1831,5878,1803,1294,1801,667,91.0,9.0,5.5,14.31,5854500.0
2021-05-10,1655,6421,2443,1625,2427,945,67.0,19.0,7.0,14.13,5612500.0
2021-05-09,2026,6449,2961,1472,1757,552,18.0,7.0,6.0,14.019333333333334,5802000.0
2021-05-08,2014,2253,1565,1538,1505,537,3.0,12.0,8.444444444444445,13.908666666666667,5991500.0
2021-05-07,1416,4089,1752,1770,1412,554,3.5,22.0,10.88888888888889,13.798,6181000.0
2021-05-06,2163,5152,2225,1857,1814,807,4.0,7.0,13.333333333333334,14.002,3800000.0
2021-05-05,1394,4513,1462,1886,1668,692,31.0,18.0,15.777777777777779,14.46,2181500.0
2021-05-04,1645,3733,1583,1820,1714,882,6.0,6.0,18.22222222222222,14.21,2072500.0
2021-05-03,1701,5814,1957,1842,2632,970,16.5,21.0,20.666666666666668,14.496,2146000.0
2021-05-02,1743,3704,1553,1939,2446,514,27.0,5.0,23.111111111111114,14.456666666666667,1935833.3333333333
2021-05-01,1836,5743,1356,2010,2312,938,1.0,8.0,25.555555555555557,14.417333333333334,1725666.6666666667
2021-04-30,1723,4622,1435,2356,1968,571,0.0,10.0,28.0,14.378,1515500.0
2021-04-29,1777,4440,1498,1593,2220,893,6.0,11.0,11.0,14.222,975500.0
2021-04-28,1956,5973,1644,1833,1531,1022,5.5,24.0,15.0,14.278,942000.0
2021-04-27,1753,4909,1456,1526,2118,829,5.0,14.0,19.0,14.028,1470500.0
2021-04-26,2206,5269,2714,1761,2516,2028,3.0,5.0,23.0,14.222,6111500.0
2021-04-25,2122,3920,1710,1549,2842,344,14.0,13.0,19.8,14.311333333333334,5074000.0
2021-04-24,1892,5324,1957,1970,6890,395,13.857142857142858,5.0,16.6,14.400666666666666,4036500.0
2021-04-23,1861,3946,1093,2277,1948,565,13.714285714285714,25.0,13.399999999999999,14.49,2999000.0
2021-04-22,1844,4641,1836,1668,1671,456,13.571428571428571,39.0,10.2,14.438,1362000.0
2021-04-21,1765,4463,1857,1606,1978,538,13.428571428571429,10.0,7.0,14.612,989500.0
2021-04-20,2634,5493,1689,1746,2204,599,13.285714285714286,4.0,17.0,14.476,2321500.0
2021-04-19,2043,7323,2168,2088,2933,937,13.142857142857142,4.0,16.333333333333332,14.604,1951000.0
2021-04-18,2210,3274,1733,1914,2046,455,13.0,16.0,15.666666666666666,14.725999999999999,1799500.0
2021-04-17,2026,5098,1206,1878,2031,807,3.0,6.0,15.0,14.848,1648000.0
2021-04-16,2120,3824,1393,2430,1301,367,11.0,15.0,14.333333333333334,14.97,1496500.0
2021-04-15,1963,6551,2592,1883,1624,925,19.0,7.0,13.666666666666668,14.988,1183500.0
2021-04-14,2433,4581,1781,2204,1806,595,27.0,15.0,13.0,15.016,1107000.0
2021-04-13,2364,3906,1433,2439,1511,552,22.75,38.0,12.333333333333334,15.18,1827000.0
2021-04-12,2104,5691,1767,2371,3213,916,18.5,14.0,11.666666666666668,14.828,889000.0
2021-04-11,2515,4003,2303,1720,1848,530,14.25,10.0,11.0,14.818666666666667,888333.3333333334
2021-04-10,2723,2402,2078,1929,2471,502,10.0,3.0,20.666666666666664,14.809333333333333,887666.6666666666
2021-04-09,2648,3529,2007,2715,2110,618,16.0,8.0,30.333333333333332,14.8,887000.0
2021-04-08,2916,5166,1602,2405,2049,648,22.0,5.0,40.0,14.852,755500.0
2021-04-07,2692,4850,2155,2084,1931,545,12.0,7.0,0.0,14.54,2093000.0
2021-04-06,3423,4281,2222,2170,2502,546,13.0,12.0,3.25,14.572,1469000.0
2021-04-05,2971,5238,3093,2041,3605,964,14.0,18.0,6.5,14.436,1039500.0
2021-04-04,3740,5557,2270,1872,2215,405,17.0,10.0,9.75,14.418,1251875.0
2021-04-03,2750,3271,1525,2070,2471,635,9.0,13.0,13.0,14.4,1464250.0
2021-04-02,3216,4198,1732,2250,2884,961,1.0,15.0,9.333333333333334,14.382000000000001,1676625.0
2021-04-01,2694,4823,1708,2153,2401,743,43.0,11.0,5.666666666666667,14.364,1889000.0
2021-03-31,2716,5248,2393,2775,2077,1076,4.0,20.0,2.0,14.16,2850000.0
2021-03-30,2536,4544,1909,2179,2237,833,36.0,6.0,3.25,14.48,1211500.0
2021-03-29,2584,5392,2406,2499,2877,1583,47.0,12.0,4.5,14.56,1712000.0
2021-03-28,2545,3174,2616,1946,2548,470,26.0,23.0,5.75,14.581333333333333,1720333.3333333333
2021-03-27,3263,3467,2366,1737,2043,427,29.25,20.0,7.0,14.602666666666668,1728666.6666666667
2021-03-26,3295,5012,1677,2311,2387,936,32.5,51.0,6.0,14.624,1737000.0
2021-03-25,2267,6327,2092,2303,2673,711,35.75,3.0,1.0,14.228,2678000.0
2021-03-24,3414,5985,145,2716,2349,402,39.0,15.0,20.0,14.402,2527000.0
2021-03-23,2724,6286,1493,2774,2479,723,3.0,19.0,14.666666666666668,14.74,2207000.0
2021-03-22,3056,6369,1814,2426,2847,1198,26.0,14.0,9.333333333333334,14.612,1539000.0
2021-03-21,3341,3527,1691,4041,2358,830,61.0,10.0,4.0,14.546666666666667,1924166.6666666667
2021-03-20,2835,4499,1875,2661,1903,600,17.0,18.0,4.0,14.481333333333334,2309333.3333333335
2021-03-19,2812,4000,1808,3095,1943,510,2.0,11.0,4.0,14.416,2694500.0
2021-03-18,2479,4550,2110,2479,2447,1979,47.5,16.0,8.0,14.302,1827000.0
2021-03-17,2598,4809,2562,2560,2322,846,93.0,15.0,20.0,14.624,2190500.0
2021-03-16,3114,6725,2136,2528,2568,1055,9.0,10.0,32.0,14.652,3274000.0
2021-03-15,2643,7104,2560,2051,2718,1023,95.0,56.0,37.0,14.236,2547000.0
2021-03-14,2832,4759,2857,1979,2235,744,52.0,55.0,7.0,14.104000000000001,2366000.0
2021-03-13,3675,2230,2444,2728,2487,509,28.0,39.0,5.5,13.972,2185000.0
2021-03-12,3029,6778,2163,2384,2350,680,81.0,17.0,4.0,13.84,2004000.0
2021-03-11,2286,8200,2003,2130,2187,450,56.0,51.0,41.0,13.878,3866000.0
2021-03-10,2793,6909,2363,2688,2945,278,195.0,78.0,0.0,13.698,3653000.0
2021-03-09,2616,6045,2316,2343,2506,323,239.0,13.0,26.0,13.82,3492000.0
2021-03-08,3488,7789,2312,2792,3252,937,221.0,66.0,16.0,13.718,5579500.0
2021-03-07,3242,4685,2008,2337,2369,401,203.0,26.0,6.0,13.934,5022666.666666667
2021-03-06,3274,3278,2217,2947,2597,405,250.0,27.0,4.0,14.15,4465833.333333333
2021-03-05,3255,5067,2441,4308,2687,609,270.0,45.0,2.0,14.366,3909000.0
2021-03-04,3556,8798,2389,3611,2351,665,353.0,42.0,10.666666666666666,14.024,3852000.0
2021-03-03,3321,10633,2568,2755,2310,641,233.0,18.0,19.333333333333332,14.578,3116500.0
2021-03-02,3492,12722,2379,2811,2744,792,233.0,75.0,28.0,15.08,2972000.0
2021-03-01,3513,15826,3275,3288,3867,1341,252.0,148.0,41.0,15.478,2973000.0
2021-02-28,3157,9384,2901,2307,2985,854,17.0,219.0,76.0,15.459999999999999,2992666.6666666665
2021-02-27,3300,18846,2477,2458,2612,1253,14.0,273.0,74.0,15.442,3012333.3333333335
2021-02-26,2343,41120,2127,2981,3745,1686,13.0,301.0,161.0,15.424,3032000.0
2021-02-25,2730,9997,4196,2879,2108,904,12.0,301.0,161.0,15.762,3932500.0
2021-02-24,2526,7233,2939,3323,2312,2475,11.0,301.0,161.0,15.79,1986500.0
2021-02-23,2393,6259,3161,4146,3138,457,7.666666666666666,301.0,161.0,15.884,2596500.0
2021-02-22,3552,8369,3938,3885,3278,1100,4.333333333333333,301.0,161.0,15.9,1550000.0
2021-02-21,3357,4357,4641,3043,2525,454,1.0,301.0,161.0,16.02466666666667,1579166.6666666667
2021-02-20,3693,8140,4318,4257,2830,252,5.75,301.0,161.0,16.149333333333335,1608333.3333333333
2021-02-19,6582,4226,2525,6539,2958,936,10.5,301.0,161.0,16.274,1637500.0
2021-02-18,3094,7641,2005,4026,3443,1224,15.25,301.0,161.0,16.190001,1796500.0
2021-02-17,3093,5533,1899,3668,2278,432,20.0,301.0,161.0,16.25,3536500.0
2021-02-16,3378,5308,2275,2765,2189,497,31.0,301.0,161.0,16.32,3033500.0
2021-02-15,2968,5757,2072,3247,4531,724,15.5,301.0,161.0,16.2205,2776500.0
2021-02-14,3244,2234,2089,2126,2629,530,0.0,301.0,161.0,16.121000000000002,2519500.0
2021-02-13,3108,2962,1630,2269,2888,357,3.0,301.0,161.0,16.0215,2262500.0
2021-02-12,2517,5503,1766,2645,2053,478,6.0,301.0,161.0,15.922,2005500.0
2021-02-11,2889,4098,2346,3198,2547,1228,9.0,301.0,161.0,15.462,1646500.0
2021-02-10,2215,4989,2182,4309,2082,478,15.0,301.0,161.0,15.38,2717000.0
2021-02-09,2848,4429,2357,3481,2504,498,13.0,301.0,161.0,14.832,3118000.0
2021-02-08,3224,5494,1805,3226,3424,970,11.0,301.0,161.0,15.1,1826500.0
2021-02-07,3128,3042,2277,2523,2422,362,9.0,301.0,161.0,15.080666666666666,1730666.6666666667
2021-02-06,2791,3046,1874,2258,2713,376,7.0,301.0,161.0,15.061333333333334,1634833.3333333333
2021-02-05,2523,3272,1921,2827,3115,614,6.25,301.0,161.0,15.042,1539000.0
2021-02-04,2542,4823,2260,2789,2313,688,5.5,301.0,161.0,14.626,2256000.0
2021-02-03,3197,4924,2308,2799,2896,437,4.75,301.0,161.0,14.8,3886000.0
2021-02-02,3181,3978,1875,2607,2416,701,4.0,301.0,161.0,15.092,8896000.0
2021-02-01,3529,5882,1821,2408,4030,1086,2.666666666666667,301.0,161.0,15.48,3334500.0
2021-01-31,3345,4211,2360,2380,2687,690,1.3333333333333335,301.0,161.0,15.138,3047500.0
2021-01-30,3270,3327,2500,1807,2984,487,0.0,301.0,161.0,14.796000000000001,2760500.0
2021-01-29,2873,3647,1737,2530,2252,1032,6.75,301.0,161.0,14.454,2473500.0
2021-01-28,1901,4675,1677,2440,2709,686,13.5,301.0,161.0,14.976,1819000.0
2021-01-27,2609,3941,2009,2072,2410,684,20.25,301.0,161.0,14.856,2362500.0
2021-01-26,3720,4743,1945,2375,2479,1584,27.0,301.0,161.0,15.06,3349000.0
2021-01-25,2850,6961,1924,3376,3667,495,49.0,301.0,161.0,15.2,5881500.0
2021-01-24,3320,3699,2282,2821,3525,379,13.0,301.0,161.0,15.299333333333333,4759500.0
2021-01-23,3124,3151,1921,2647,2756,495,13.0,301.0,161.0,15.398666666666665,3637500.0
2021-01-22,2836,4926,2195,2908,3114,535,13.0,301.0,161.0,15.498,2515500.0
2021-01-21,2631,6321,2196,2841,2333,552,13.0,301.0,161.0,15.238,3631000.0
2021-01-20,3446,4413,2854,2764,2669,585,15.0,301.0,161.0,15.78,1774000.0
2021-01-19,2350,4995,2864,2355,2246,749,17.0,301.0,161.0,15.89,1659000.0
2021-01-18,3148,5849,1838,2825,3599,803,6.0,301.0,161.0,15.855,1708125.0
2021-01-17,3098,5139,1924,2023,2869,774,69.0,301.0,161.0,15.82,1757250.0
2021-01-16,2774,3876,1792,2899,2670,973,49.0,301.0,161.0,15.785,1806375.0
2021-01-15,2938,6255,1608,2544,2342,1265,29.0,301.0,161.0,15.75,1855500.0
2021-01-14,3140,7905,1741,2814,3359,1360,26.0,301.0,161.0,15.842,1413500.0
2021-01-13,3063,5591,1744,2970,2236,620,23.0,301.0,161.0,15.834,1996500.0
2021-01-12,3037,4692,1556,2334,2401,707,20.0,301.0,161.0,16.062,1507500.0
2021-01-11,3303,6333,2139,2725,3736,813,17.0,301.0,161.0,15.858,1436000.0
2021-01-10,2952,2350,1408,2190,3061,563,14.0,301.0,161.0,15.908666666666667,1779000.0
2021-01-09,3268,3426,1886,2859,2755,526,15.0,301.0,161.0,15.959333333333335,2122000.0
2021-01-08,3079,4968,1536,3325,2543,625,1.0,301.0,161.0,16.01,2465000.0
2021-01-07,3794,5662,1441,2424,2592,577,1.0,301.0,161.0,15.802,2363000.0
2021-01-06,2819,3772,1702,2946,2533,617,1.0,301.0,161.0,15.738,1900000.0
2021-01-05,3273,5354,1687,2682,2576,688,1.0,301.0,161.0,16.176001,1448500.0
2021-01-04,3099,7190,2030,3079,3099,1326,1.0,301.0,161.0,15.74,3369000.0
2021-01-03,3474,2720,1802,2285,3515,643,1.0,301.0,161.0,15.74,3369000.0
2021-01-02,3662,3881,1682,2064,3306,544,1.0,301.0,161.0,15.74,3369000.0
2021-01-01,3162,3298,1910,2153,2522,954,1.0,301.0,161.0,15.74,3369000.0
