date,pokemontrades,pokemon,pokemongo
2022-08-31,1495,4404,4595
2022-08-30,1669,5024,3890
2022-08-29,2085,8077,5366
2022-08-28,2245,21951,4187
2022-08-27,1900,4686,5281
2022-08-26,1686,4874,5153
2022-08-25,1898,3754,3727
2022-08-24,1096,5946,3449
2022-08-23,1832,5719,2733
2022-08-22,1883,5092,3429
2022-08-21,2777,7563,3339
2022-08-20,1949,4336,3755
2022-08-19,2052,6154,3973
2022-08-18,1495,4636,4633
2022-08-17,2132,7532,3637
2022-08-16,2083,4595,4178
2022-08-15,1703,7082,5322
2022-08-14,1528,8983,3917
2022-08-13,1336,4737,6766
2022-08-12,1540,5353,3569
2022-08-11,1286,6295,4350
2022-08-10,1116,6041,4896
2022-08-09,1393,5400,3800
2022-08-08,1212,7235,4622
2022-08-07,1567,4258,3765
2022-08-06,1669,5953,3677
2022-08-05,1312,7900,3945
2022-08-04,1462,10334,3989
2022-08-03,1096,30523,3330
2022-08-02,1181,6504,5647
2022-08-01,1319,5867,4612
2022-07-31,1281,7012,3981
2022-07-30,1524,5984,3610
2022-07-29,1055,3294,4640
2022-07-28,892,4329,4544
2022-07-27,1038,4287,4582
2022-07-26,1221,5691,6014
2022-07-25,1049,6978,6570
2022-07-24,1517,13262,2703
2022-07-23,1426,5344,3259
2022-07-22,1426,5383,2724
2022-07-21,1367,4656,3573
2022-07-20,1247,4429,2687
2022-07-19,1478,5490,3187
2022-07-18,1093,5266,3118
2022-07-17,2123,4431,4468
2022-07-16,1211,4585,3514
2022-07-15,1202,5425,3246
2022-07-14,1266,7045,3368
2022-07-13,1238,3692,4606
2022-07-12,1435,4682,3069
2022-07-11,1092,4651,3785
2022-07-10,1536,3858,2974
2022-07-09,1295,10823,3187
2022-07-08,1396,3889,2924
2022-07-07,1264,3622,4133
2022-07-06,1405,5637,3083
2022-07-05,1724,4214,2700
2022-07-04,1784,5367,3587
2022-07-03,1570,8943,3208
2022-07-02,1572,4536,3412
2022-07-01,1124,2917,3291
2022-06-30,1375,2982,3073
2022-06-29,1552,3504,2658
2022-06-28,1327,3698,3388
2022-06-27,1620,7199,3919
2022-06-26,1573,3084,4404
2022-06-25,1928,6158,4392
2022-06-24,1720,3109,1923
2022-06-23,1206,5384,3290
2022-06-22,1615,5174,2806
2022-06-21,1178,3465,2480
2022-06-20,1624,6702,3402
2022-06-19,1690,5082,3409
2022-06-18,1513,6693,2483
2022-06-17,1547,6133,3174
2022-06-16,1385,3985,3314
2022-06-15,1337,3944,2917
2022-06-14,1553,4055,3289
2022-06-13,1951,7226,3965
2022-06-12,1455,4713,3890
2022-06-11,1155,6948,2466
2022-06-10,1720,3978,2376
2022-06-09,1038,4816,4251
2022-06-08,1927,4311,3773
2022-06-07,1250,5822,2734
2022-06-06,1780,6954,4155
2022-06-05,1242,6078,7263
2022-06-04,1900,4263,5508
2022-06-03,1825,4139,2271
2022-06-02,1420,5537,2547
2022-06-01,1198,13324,1868
2022-05-31,1242,6088,2848
2022-05-30,934,5151,2690
2022-05-29,1410,3728,2190
2022-05-28,1381,5136,2484
2022-05-27,1524,2997,2373
2022-05-26,1501,4226,2960
2022-05-25,1505,4447,4089
2022-05-24,1499,5146,2289
2022-05-23,1871,5851,2122
2022-05-22,2227,3206,2868
2022-05-21,2088,3595,3535
2022-05-20,1666,3683,4414
2022-05-19,1674,5192,2934
2022-05-18,1217,4772,2472
2022-05-17,1107,5249,3851
2022-05-16,1394,6578,2847
2022-05-15,1472,2355,2081
2022-05-14,1479,7306,2485
2022-05-13,1446,3651,2724
2022-05-12,1032,5326,3052
2022-05-11,1279,4072,2726
2022-05-10,1018,8712,2932
2022-05-09,1427,6084,2385
2022-05-08,1387,4719,2328
2022-05-07,1406,2756,2398
2022-05-06,1197,6201,2769
2022-05-05,1079,5834,2754
2022-05-04,1325,5256,2499
2022-05-03,1337,5908,3146
2022-05-02,1124,6442,2567
2022-05-01,1770,6057,2472
2022-04-30,1421,3581,3526
2022-04-29,1325,3719,2465
2022-04-28,1705,4096,2752
2022-04-27,1673,10745,2759
2022-04-26,1518,4419,3143
2022-04-25,1665,5791,3489
2022-04-24,1764,2769,3468
2022-04-23,2049,6099,3480
2022-04-22,1916,4728,1957
2022-04-21,1294,3944,2615
2022-04-20,1199,5432,2991
2022-04-19,1131,5510,2211
2022-04-18,2007,5950,3177
2022-04-17,1657,5716,2099
2022-04-16,1314,7440,2115
2022-04-15,1704,3848,2534
2022-04-14,1771,5970,2228
2022-04-13,1477,5639,2761
2022-04-12,1126,5920,2557
2022-04-11,1089,7698,2522
2022-04-10,1330,5134,3053
2022-04-09,1919,5116,2483
2022-04-08,1153,4655,2372
2022-04-07,1703,6096,2822
2022-04-06,1848,5888,2761
2022-04-05,1292,5317,2244
2022-04-04,1420,4925,3363
2022-04-03,1632,9613,1987
2022-04-02,1860,5238,3158
2022-04-01,1561,3802,3184
2022-03-31,1947,5552,2809
2022-03-30,1900,4704,1924
2022-03-29,1902,7098,2655
2022-03-28,1580,7173,2169
2022-03-27,2003,5130,1963
2022-03-26,2675,2962,2939
2022-03-25,1707,4916,3400
2022-03-24,1815,6055,2045
2022-03-23,1878,4864,3129
2022-03-22,2340,7043,2038
2022-03-21,2147,6311,2914
2022-03-20,2147,6627,3055
2022-03-19,2529,5783,4136
2022-03-18,2156,4677,3553
2022-03-17,2334,7706,2212
2022-03-16,2377,8773,2570
2022-03-15,1879,9923,2431
2022-03-14,2091,10044,1958
2022-03-13,2620,6407,4189
2022-03-12,2783,5948,2387
2022-03-11,2158,4816,2665
2022-03-10,1963,7253,2658
2022-03-09,2000,8057,2868
2022-03-08,2788,9209,2768
2022-03-07,2450,14825,3517
2022-03-06,2795,11060,2662
2022-03-05,2686,8731,2827
2022-03-04,2174,7421,2779
2022-03-03,2432,11350,3129
2022-03-02,2410,21494,3421
2022-03-01,2720,18062,3984
2022-02-28,2762,35067,2500
2022-02-27,2687,26619,5752
2022-02-26,2583,6208,4129
2022-02-25,2908,4602,2744
2022-02-24,2122,7142,1961
2022-02-23,2102,6415,2298
2022-02-22,3009,6808,1832
2022-02-21,3173,8418,2276
2022-02-20,3057,5222,2251
2022-02-19,3499,6773,1861
2022-02-18,3236,5427,1725
2022-02-17,3803,7160,1999
2022-02-16,3065,9434,2534
2022-02-15,3336,9081,1886
2022-02-14,3175,9248,1622
2022-02-13,4347,5628,1611
2022-02-12,3629,5363,1712
2022-02-11,3674,8936,1566
2022-02-10,3216,7480,2172
2022-02-09,3847,7870,1694
2022-02-08,4730,11389,2445
2022-02-07,3767,10112,2161
2022-02-06,5049,8547,2601
2022-02-05,4660,8636,1844
2022-02-04,4029,9187,2010
2022-02-03,4100,8087,1958
2022-02-02,3508,10312,2362
2022-02-01,3181,8982,1745
2022-01-31,3771,17298,1849
2022-01-30,4971,8532,2071
2022-01-29,4159,10058,1880
2022-01-28,3916,16273,2715
2022-01-27,4972,6976,3364
2022-01-26,5720,10591,2266
2022-01-25,5840,5935,2157
2022-01-24,5436,8277,2525
2022-01-23,7545,6196,2665
2022-01-22,8003,7247,2210
2022-01-21,7110,8015,2558
2022-01-20,6756,8146,2470
2022-01-19,6971,17472,2041
2022-01-18,7479,7980,2597
2022-01-17,8860,8616,2640
2022-01-16,8688,6353,2623
2022-01-15,10081,7199,2023
2022-01-14,9046,7878,2831
2022-01-13,8444,9065,2418
2022-01-12,9323,6923,2301
2022-01-11,8961,11256,2518
2022-01-10,8275,11066,2762
2022-01-09,10325,11831,1614
2022-01-08,10509,9968,3037
2022-01-07,9693,4789,2702
2022-01-06,9399,8342,2201
2022-01-05,8899,11218,2426
2022-01-04,9580,10199,2781
2022-01-03,10882,11761,3169
2022-01-02,12246,9876,2058
2022-01-01,10003,7926,2971
2021-12-31,10902,8237,2206
2021-12-30,11388,6824,2903
2021-12-29,11679,8622,1881
2021-12-28,11721,6510,2420
2021-12-27,11593,10787,2263
2021-12-26,9321,4544,2142
2021-12-25,7880,5398,1699
2021-12-24,8499,5271,2466
2021-12-23,7978,4667,2077
2021-12-22,7623,7155,2308
2021-12-21,11510,13369,2747
2021-12-20,10825,12446,3081
2021-12-19,12318,5278,2590
2021-12-18,10245,9638,2231
2021-12-17,11515,6261,2198
2021-12-16,11500,10222,2877
2021-12-15,12681,10458,2669
2021-12-14,12901,9046,2636
2021-12-13,12453,10745,2418
2021-12-12,14102,10392,2182
2021-12-11,14965,14140,2429
2021-12-10,10979,7398,2444
2021-12-09,11586,6828,3328
2021-12-08,13108,9769,3626
2021-12-07,13905,6512,3925
2021-12-06,13016,13788,3567
2021-12-05,16744,12044,2497
2021-12-04,13702,8165,2504
2021-12-03,13075,7580,2921
2021-12-02,14568,9993,2517
2021-12-01,15543,10694,2065
2021-11-30,18364,10748,2428
2021-11-29,19666,10626,2561
2021-11-28,25996,6226,1827
2021-11-27,24207,11893,2355
2021-11-26,20696,10210,2133
2021-11-25,21227,8778,2084
2021-11-24,21370,9440,2065
2021-11-23,21663,15241,2028
2021-11-22,19384,14335,2819
2021-11-21,20097,10241,2638
2021-11-20,14845,10785,2443
2021-11-19,4636,18312,2000
2021-11-18,2035,12512,2595
2021-11-17,1855,26327,2227
2021-11-16,1642,9362,3332
2021-11-15,2171,12001,4206
2021-11-14,2417,6552,2207
2021-11-13,1992,11900,2354
2021-11-12,1413,7303,2212
2021-11-11,1775,6545,2908
2021-11-10,1527,8838,2412
2021-11-09,1576,9403,3459
2021-11-08,1194,9412,1951
2021-11-07,1617,4865,1832
2021-11-06,2238,8749,2590
2021-11-05,1293,4264,2326
2021-11-04,1513,24722,2403
2021-11-03,1349,11526,2524
2021-11-02,1879,7285,1561
2021-11-01,1783,12673,2158
2021-10-31,2316,3847,1870
2021-10-30,2045,5196,1859
2021-10-29,1832,3494,2260
2021-10-28,1819,6610,1943
2021-10-27,2200,6053,2750
2021-10-26,2616,6430,2276
2021-10-25,2147,13460,2993
2021-10-24,1721,7218,2628
2021-10-23,2004,9916,1788
2021-10-22,2055,3598,2309
2021-10-21,1304,5948,2330
2021-10-20,1734,6709,2479
2021-10-19,1712,8275,1941
2021-10-18,1460,5833,2791
2021-10-17,2140,6449,2569
2021-10-16,1737,7743,2630
2021-10-15,1165,5485,2472
2021-10-14,1234,7715,3007
2021-10-13,1134,5260,2940
2021-10-12,1452,4849,2491
2021-10-11,1622,11508,2698
2021-10-10,1872,7644,3226
2021-10-09,1603,4569,3388
2021-10-08,1669,4684,2184
2021-10-07,1752,4689,3214
2021-10-06,1330,5177,2011
2021-10-05,1283,5369,2714
2021-10-04,1502,7676,3737
2021-10-03,2695,7543,2870
2021-10-02,2354,6571,2145
2021-10-01,3179,4850,2577
2021-09-30,998,9500,2665
2021-09-29,1116,8254,2427
2021-09-28,967,9677,2157
2021-09-27,1029,6319,2649
2021-09-26,1720,5496,2533
2021-09-25,1082,8342,2006
2021-09-24,1282,4369,1967
2021-09-23,1025,4637,1943
2021-09-22,1070,6058,1878
2021-09-21,1014,6138,2094
2021-09-20,1260,6610,2395
2021-09-19,1631,7645,2831
2021-09-18,1607,4125,2089
2021-09-17,1260,3732,2413
2021-09-16,1444,4596,2544
2021-09-15,1345,4993,3147
2021-09-14,918,7058,2464
2021-09-13,1403,7340,2672
2021-09-12,1667,6023,2614
2021-09-11,1816,10292,2271
2021-09-10,1405,3612,2166
2021-09-09,1179,6099,2298
2021-09-08,1237,5831,2222
2021-09-07,1130,9487,2434
2021-09-06,1707,6230,3088
2021-09-05,1391,9310,3524
2021-09-04,1758,6610,2692
2021-09-03,1714,5555,2471
2021-09-02,1384,11075,3063
2021-09-01,1608,17943,1275
2021-08-31,1488,14979,2
2021-08-30,1945,12133,226
2021-08-29,2392,14637,2736
2021-08-28,1560,7276,4523
2021-08-27,1814,5353,2836
2021-08-26,1583,5883,2754
2021-08-25,2144,5415,3586
2021-08-24,1793,8255,3431
2021-08-23,2317,13935,3325
2021-08-22,2743,8982,3930
2021-08-21,2037,16506,3701
2021-08-20,2349,10797,3451
2021-08-19,1925,8495,2296
2021-08-18,1661,18075,3245
2021-08-17,1501,4360,2061
2021-08-16,1484,10188,2902
2021-08-15,1762,4897,4430
2021-08-14,1973,9207,5557
2021-08-13,1681,4005,2647
2021-08-12,2048,4193,2421
2021-08-11,2215,3368,3642
2021-08-10,1393,5896,2625
2021-08-09,1843,7155,3390
2021-08-08,1925,4655,3087
2021-08-07,2207,6059,3394
2021-08-06,1352,6901,3891
2021-08-05,2082,8581,2887
2021-08-04,1604,6761,3866
2021-08-03,1680,6999,3120
2021-08-02,1651,8160,4205
2021-08-01,2091,6905,4080
2021-07-31,1306,6932,3024
2021-07-30,1913,5008,2521
2021-07-29,1523,7515,6396
2021-07-28,1551,4900,2435
2021-07-27,1711,9933,2557
2021-07-26,1449,8104,2964
2021-07-25,1884,5991,3303
2021-07-24,1898,4819,2782
2021-07-23,1378,5601,2416
2021-07-22,2039,5671,2602
2021-07-21,1539,5520,4709
2021-07-20,1602,7190,2448
2021-07-19,2325,7837,5864
2021-07-18,1774,3718,6516
2021-07-17,1865,4410,4365
2021-07-16,1989,7659,2738
2021-07-15,1793,6809,3441
2021-07-14,1660,3490,2337
2021-07-13,2114,6246,2393
2021-07-12,1513,5250,3354
2021-07-11,2301,2625,1864
2021-07-10,2181,4789,1804
2021-07-09,1536,5395,2333
2021-07-08,1791,4671,1951
2021-07-07,2147,7447,2703
2021-07-06,2407,5120,2215
2021-07-05,1864,7654,2935
2021-07-04,2966,4639,2080
2021-07-03,2068,6694,2239
2021-07-02,1589,8179,2014
2021-07-01,2067,8821,3094
2021-06-30,1896,5160,2414
2021-06-29,2558,6815,1597
2021-06-28,2524,6012,2257
2021-06-27,2117,4379,1942
2021-06-26,2349,3236,1693
2021-06-25,1778,3461,2044
2021-06-24,1116,5531,2098
2021-06-23,2057,5017,2280
2021-06-22,1877,4281,21460
2021-06-21,2744,4819,5245
2021-06-20,2115,2845,2159
2021-06-19,1650,2513,1576
2021-06-18,1796,4004,1657
2021-06-17,1630,5404,1784
2021-06-16,1681,3919,2158
2021-06-15,1699,5318,1624
2021-06-14,1470,5227,1766
2021-06-13,1814,2311,2292
2021-06-12,1569,2322,1272
2021-06-11,2144,3802,1746
2021-06-10,2303,5068,1912
2021-06-09,1622,4197,2183
2021-06-08,1893,4978,1775
2021-06-07,1746,5890,2013
2021-06-06,1504,2997,2887
2021-06-05,1740,3689,1642
2021-06-04,1599,6796,1812
2021-06-03,1654,6091,2145
2021-06-02,1971,5093,1498
2021-06-01,1276,5101,1627
2021-05-31,2140,5270,1779
2021-05-30,2735,4455,1510
2021-05-29,2759,2737,1334
2021-05-28,1763,4198,1989
2021-05-27,1793,5669,1701
2021-05-26,1764,7678,1375
2021-05-25,1628,4280,2259
2021-05-24,1932,5750,1816
2021-05-23,2048,3497,1479
2021-05-22,1843,2215,1042
2021-05-21,1757,2852,1709
2021-05-20,1435,4998,1526
2021-05-19,1852,6041,1549
2021-05-18,1802,4648,1477
2021-05-17,1607,5085,3218
2021-05-16,2577,3337,1567
2021-05-15,1665,2621,1799
2021-05-14,1721,3749,1033
2021-05-13,1674,4938,1313
2021-05-12,2285,4794,2048
2021-05-11,1831,5878,1803
2021-05-10,1655,6421,2443
2021-05-09,2026,6449,2961
2021-05-08,2014,2253,1565
2021-05-07,1416,4089,1752
2021-05-06,2163,5152,2225
2021-05-05,1394,4513,1462
2021-05-04,1645,3733,1583
2021-05-03,1701,5814,1957
2021-05-02,1743,3704,1553
2021-05-01,1836,5743,1356
2021-04-30,1723,4622,1435
2021-04-29,1777,4440,1498
2021-04-28,1956,5973,1644
2021-04-27,1753,4909,1456
2021-04-26,2206,5269,2714
2021-04-25,2122,3920,1710
2021-04-24,1892,5324,1957
2021-04-23,1861,3946,1093
2021-04-22,1844,4641,1836
2021-04-21,1765,4463,1857
2021-04-20,2634,5493,1689
2021-04-19,2043,7323,2168
2021-04-18,2210,3274,1733
2021-04-17,2026,5098,1206
2021-04-16,2120,3824,1393
2021-04-15,1963,6551,2592
2021-04-14,2433,4581,1781
2021-04-13,2364,3906,1433
2021-04-12,2104,5691,1767
2021-04-11,2515,4003,2303
2021-04-10,2723,2402,2078
2021-04-09,2648,3529,2007
2021-04-08,2916,5166,1602
2021-04-07,2692,4850,2155
2021-04-06,3423,4281,2222
2021-04-05,2971,5238,3093
2021-04-04,3740,5557,2270
2021-04-03,2750,3271,1525
2021-04-02,3216,4198,1732
2021-04-01,2694,4823,1708
2021-03-31,2716,5248,2393
2021-03-30,2536,4544,1909
2021-03-29,2584,5392,2406
2021-03-28,2545,3174,2616
2021-03-27,3263,3467,2366
2021-03-26,3295,5012,1677
2021-03-25,2267,6327,2092
2021-03-24,3414,5985,145
2021-03-23,2724,6286,1493
2021-03-22,3056,6369,1814
2021-03-21,3341,3527,1691
2021-03-20,2835,4499,1875
2021-03-19,2812,4000,1808
2021-03-18,2479,4550,2110
2021-03-17,2598,4809,2562
2021-03-16,3114,6725,2136
2021-03-15,2643,7104,2560
2021-03-14,2832,4759,2857
2021-03-13,3675,2230,2444
2021-03-12,3029,6778,2163
2021-03-11,2286,8200,2003
2021-03-10,2793,6909,2363
2021-03-09,2616,6045,2316
2021-03-08,3488,7789,2312
2021-03-07,3242,4685,2008
2021-03-06,3274,3278,2217
2021-03-05,3255,5067,2441
2021-03-04,3556,8798,2389
2021-03-03,3321,10633,2568
2021-03-02,3492,12722,2379
2021-03-01,3513,15826,3275
2021-02-28,3157,9384,2901
2021-02-27,3300,18846,2477
2021-02-26,2343,41120,2127
2021-02-25,2730,9997,4196
2021-02-24,2526,7233,2939
2021-02-23,2393,6259,3161
2021-02-22,3552,8369,3938
2021-02-21,3357,4357,4641
2021-02-20,3693,8140,4318
2021-02-19,6582,4226,2525
2021-02-18,3094,7641,2005
2021-02-17,3093,5533,1899
2021-02-16,3378,5308,2275
2021-02-15,2968,5757,2072
2021-02-14,3244,2234,2089
2021-02-13,3108,2962,1630
2021-02-12,2517,5503,1766
2021-02-11,2889,4098,2346
2021-02-10,2215,4989,2182
2021-02-09,2848,4429,2357
2021-02-08,3224,5494,1805
2021-02-07,3128,3042,2277
2021-02-06,2791,3046,1874
2021-02-05,2523,3272,1921
2021-02-04,2542,4823,2260
2021-02-03,3197,4924,2308
2021-02-02,3181,3978,1875
2021-02-01,3529,5882,1821
2021-01-31,3345,4211,2360
2021-01-30,3270,3327,2500
2021-01-29,2873,3647,1737
2021-01-28,1901,4675,1677
2021-01-27,2609,3941,2009
2021-01-26,3720,4743,1945
2021-01-25,2850,6961,1924
2021-01-24,3320,3699,2282
2021-01-23,3124,3151,1921
2021-01-22,2836,4926,2195
2021-01-21,2631,6321,2196
2021-01-20,3446,4413,2854
2021-01-19,2350,4995,2864
2021-01-18,3148,5849,1838
2021-01-17,3098,5139,1924
2021-01-16,2774,3876,1792
2021-01-15,2938,6255,1608
2021-01-14,3140,7905,1741
2021-01-13,3063,5591,1744
2021-01-12,3037,4692,1556
2021-01-11,3303,6333,2139
2021-01-10,2952,2350,1408
2021-01-09,3268,3426,1886
2021-01-08,3079,4968,1536
2021-01-07,3794,5662,1441
2021-01-06,2819,3772,1702
2021-01-05,3273,5354,1687
2021-01-04,3099,7190,2030
2021-01-03,3474,2720,1802
2021-01-02,3662,3881,1682
2021-01-01,3162,3298,1910
